Task_ID,Task_Type,Crew_ID,Start_Time,End_Time,Task_Duration,City,Task_Type Encoded,Cluster
TSK0001,Maintenance,CRW0037,2024-01-11 23:22:00,2024-01-12 00:17:00,55,Kolkata,0,1
TSK0002,Inspection,CRW0186,2024-01-08 17:26:00,2024-01-08 18:20:00,54,Chennai,1,1
TSK0003,Security Check,CRW0719,2024-01-31 16:44:00,2024-01-31 20:25:00,221,Kolkata,2,0
TSK0004,Security Check,CRW0855,2024-01-04 18:07:00,2024-01-04 18:38:00,31,Kolkata,2,1
TSK0005,Maintenance,CRW0405,2024-01-03 10:51:00,2024-01-03 13:12:00,141,Kolkata,0,3
TSK0006,Repair,CRW0165,2024-01-18 10:40:00,2024-01-18 12:29:00,109,Pune,3,2
TSK0007,Cleaning,CRW0894,2024-01-22 22:16:00,2024-01-23 00:15:00,119,Chennai,4,2
TSK0008,Repair,CRW0039,2024-01-13 06:00:00,2024-01-13 08:38:00,158,Ahmedabad,3,3
TSK0009,Equipment Testing,CRW0548,2024-01-15 14:36:00,2024-01-15 17:58:00,202,Jaipur,5,0
TSK0010,Repair,CRW0949,2024-01-29 10:16:00,2024-01-29 13:09:00,173,Lucknow,3,3
TSK0011,Cleaning,CRW0810,2024-01-05 18:53:00,2024-01-05 20:26:00,93,Kolkata,4,2
TSK0012,Maintenance,CRW0013,2024-01-20 04:05:00,2024-01-20 06:02:00,117,Bangalore,0,2
TSK0013,Repair,CRW0382,2024-01-21 12:59:00,2024-01-21 14:10:00,71,Lucknow,3,1
TSK0014,Equipment Testing,CRW0123,2024-01-04 22:12:00,2024-01-04 23:23:00,71,Hyderabad,5,1
TSK0015,Inspection,CRW0400,2024-01-01 05:41:00,2024-01-01 07:51:00,130,Pune,1,2
TSK0016,Equipment Testing,CRW0821,2024-01-10 06:51:00,2024-01-10 08:29:00,98,Hyderabad,5,2
TSK0017,Equipment Testing,CRW0390,2024-01-05 06:20:00,2024-01-05 10:11:00,231,Mumbai,5,0
TSK0018,Inventory Check,CRW0122,2024-01-02 02:12:00,2024-01-02 05:37:00,205,Ahmedabad,6,0
TSK0019,Maintenance,CRW0569,2024-01-30 11:00:00,2024-01-30 13:16:00,136,Jaipur,0,3
TSK0020,Cleaning,CRW0218,2024-01-11 17:11:00,2024-01-11 19:50:00,159,Delhi,4,3
TSK0021,Security Check,CRW0556,2024-01-01 21:46:00,2024-01-01 23:47:00,121,Bangalore,2,2
TSK0022,Repair,CRW0495,2024-01-17 07:50:00,2024-01-17 09:14:00,84,Delhi,3,2
TSK0023,Inventory Check,CRW0926,2024-01-15 07:42:00,2024-01-15 08:12:00,30,Bangalore,6,1
TSK0024,Inventory Check,CRW0308,2024-01-12 19:06:00,2024-01-12 19:40:00,34,Hyderabad,6,1
TSK0025,Inventory Check,CRW0385,2024-01-18 03:57:00,2024-01-18 07:50:00,233,Bangalore,6,0
TSK0026,Repair,CRW0796,2024-01-14 02:54:00,2024-01-14 05:50:00,176,Jaipur,3,3
TSK0027,Cleaning,CRW0434,2024-01-28 21:26:00,2024-01-29 00:10:00,164,Mumbai,4,3
TSK0028,Cleaning,CRW0867,2024-01-17 23:40:00,2024-01-18 00:52:00,72,Mumbai,4,1
TSK0029,Maintenance,CRW0845,2024-01-27 21:07:00,2024-01-27 23:01:00,114,Ahmedabad,0,2
TSK0030,Maintenance,CRW0404,2024-01-30 03:53:00,2024-01-30 05:31:00,98,Kolkata,0,2
TSK0031,Security Check,CRW0878,2024-01-27 16:58:00,2024-01-27 18:05:00,67,Chennai,2,1
TSK0032,Inspection,CRW0016,2024-01-27 11:09:00,2024-01-27 14:59:00,230,Pune,1,0
TSK0033,Security Check,CRW0422,2024-01-31 09:16:00,2024-01-31 12:48:00,212,Kolkata,2,0
TSK0034,Maintenance,CRW0164,2024-01-18 11:14:00,2024-01-18 12:38:00,84,Kolkata,0,2
TSK0035,Equipment Testing,CRW0350,2024-01-02 03:09:00,2024-01-02 07:07:00,238,Bangalore,5,0
TSK0036,Inspection,CRW0962,2024-01-14 12:44:00,2024-01-14 15:22:00,158,Lucknow,1,3
TSK0037,Repair,CRW0159,2024-01-27 13:19:00,2024-01-27 17:17:00,238,Chennai,3,0
TSK0038,Cleaning,CRW0640,2024-01-20 13:46:00,2024-01-20 14:53:00,67,Delhi,4,1
TSK0039,Maintenance,CRW0996,2024-01-09 03:03:00,2024-01-09 03:55:00,52,Ahmedabad,0,1
TSK0040,Equipment Testing,CRW0880,2024-01-13 02:47:00,2024-01-13 03:27:00,40,Ahmedabad,5,1
TSK0041,Equipment Testing,CRW0066,2024-01-18 22:56:00,2024-01-19 00:56:00,120,Jaipur,5,2
TSK0042,Maintenance,CRW0102,2024-01-19 19:07:00,2024-01-19 22:05:00,178,Bangalore,0,3
TSK0043,Inspection,CRW0513,2024-01-20 11:32:00,2024-01-20 15:07:00,215,Delhi,1,0
TSK0044,Inventory Check,CRW0170,2024-01-26 13:18:00,2024-01-26 16:07:00,169,Mumbai,6,3
TSK0045,Maintenance,CRW0978,2024-01-23 05:19:00,2024-01-23 08:47:00,208,Pune,0,0
TSK0046,Repair,CRW0743,2024-01-29 10:40:00,2024-01-29 13:27:00,167,Mumbai,3,3
TSK0047,Security Check,CRW0408,2024-01-28 23:49:00,2024-01-29 02:31:00,162,Jaipur,2,3
TSK0048,Inventory Check,CRW0965,2024-01-01 15:58:00,2024-01-01 19:04:00,186,Mumbai,6,3
TSK0049,Security Check,CRW0798,2024-01-06 01:11:00,2024-01-06 04:17:00,186,Chennai,2,3
TSK0050,Security Check,CRW0650,2024-01-18 22:20:00,2024-01-19 01:09:00,169,Ahmedabad,2,3
TSK0051,Inventory Check,CRW0747,2024-01-06 05:08:00,2024-01-06 05:53:00,45,Jaipur,6,1
TSK0052,Repair,CRW0702,2024-01-31 04:21:00,2024-01-31 05:45:00,84,Mumbai,3,2
TSK0053,Inspection,CRW0570,2024-01-04 06:39:00,2024-01-04 07:58:00,79,Bangalore,1,1
TSK0054,Inventory Check,CRW0769,2024-01-28 01:05:00,2024-01-28 03:23:00,138,Ahmedabad,6,3
TSK0055,Inspection,CRW0029,2024-01-22 09:30:00,2024-01-22 10:24:00,54,Jaipur,1,1
TSK0056,Equipment Testing,CRW0090,2024-01-20 04:35:00,2024-01-20 06:35:00,120,Hyderabad,5,2
TSK0057,Maintenance,CRW0344,2024-01-27 13:16:00,2024-01-27 14:06:00,50,Kolkata,0,1
TSK0058,Maintenance,CRW0996,2024-01-03 22:36:00,2024-01-03 23:39:00,63,Bangalore,0,1
TSK0059,Security Check,CRW0099,2024-01-11 01:30:00,2024-01-11 05:01:00,211,Delhi,2,0
TSK0060,Maintenance,CRW0141,2024-01-07 11:23:00,2024-01-07 14:50:00,207,Bangalore,0,0
TSK0061,Inspection,CRW0803,2024-01-05 12:45:00,2024-01-05 13:46:00,61,Kolkata,1,1
TSK0062,Cleaning,CRW0006,2024-01-30 07:36:00,2024-01-30 08:26:00,50,Ahmedabad,4,1
TSK0063,Inspection,CRW0965,2024-01-29 10:28:00,2024-01-29 14:00:00,212,Pune,1,0
TSK0064,Repair,CRW0300,2024-01-11 14:17:00,2024-01-11 14:53:00,36,Lucknow,3,1
TSK0065,Repair,CRW0485,2024-01-26 20:09:00,2024-01-26 23:52:00,223,Kolkata,3,0
TSK0066,Inspection,CRW0882,2024-01-18 19:47:00,2024-01-18 20:42:00,55,Delhi,1,1
TSK0067,Security Check,CRW0686,2024-01-31 17:00:00,2024-01-31 20:20:00,200,Lucknow,2,0
TSK0068,Inventory Check,CRW0946,2024-01-11 23:06:00,2024-01-12 02:51:00,225,Ahmedabad,6,0
TSK0069,Inventory Check,CRW0885,2024-01-20 15:51:00,2024-01-20 18:57:00,186,Delhi,6,3
TSK0070,Inventory Check,CRW0630,2024-01-17 21:48:00,2024-01-17 23:45:00,117,Bangalore,6,2
TSK0071,Equipment Testing,CRW0250,2024-01-22 00:07:00,2024-01-22 02:19:00,132,Ahmedabad,5,2
TSK0072,Maintenance,CRW0697,2024-01-01 07:55:00,2024-01-01 11:19:00,204,Pune,0,0
TSK0073,Security Check,CRW0922,2024-01-05 14:30:00,2024-01-05 17:30:00,180,Kolkata,2,3
TSK0074,Security Check,CRW0505,2024-01-25 03:35:00,2024-01-25 04:29:00,54,Pune,2,1
TSK0075,Cleaning,CRW0978,2024-01-30 11:49:00,2024-01-30 12:59:00,70,Pune,4,1
TSK0076,Cleaning,CRW0404,2024-01-19 09:13:00,2024-01-19 13:07:00,234,Mumbai,4,0
TSK0077,Security Check,CRW0155,2024-01-16 05:28:00,2024-01-16 06:27:00,59,Chennai,2,1
TSK0078,Maintenance,CRW0439,2024-01-17 03:14:00,2024-01-17 05:37:00,143,Chennai,0,3
TSK0079,Maintenance,CRW0926,2024-01-21 16:25:00,2024-01-21 20:15:00,230,Chennai,0,0
TSK0080,Cleaning,CRW0991,2024-01-16 20:59:00,2024-01-16 23:57:00,178,Jaipur,4,3
TSK0081,Inventory Check,CRW0148,2024-01-06 22:49:00,2024-01-07 01:20:00,151,Kolkata,6,3
TSK0082,Inventory Check,CRW0774,2024-01-06 11:01:00,2024-01-06 14:52:00,231,Mumbai,6,0
TSK0083,Equipment Testing,CRW0036,2024-01-10 22:43:00,2024-01-10 23:51:00,68,Pune,5,1
TSK0084,Inspection,CRW0640,2024-01-08 09:27:00,2024-01-08 12:33:00,186,Lucknow,1,3
TSK0085,Equipment Testing,CRW0806,2024-01-19 14:45:00,2024-01-19 16:46:00,121,Hyderabad,5,2
TSK0086,Repair,CRW0839,2024-01-03 03:51:00,2024-01-03 05:33:00,102,Hyderabad,3,2
TSK0087,Equipment Testing,CRW0870,2024-01-27 12:25:00,2024-01-27 14:13:00,108,Delhi,5,2
TSK0088,Repair,CRW0007,2024-01-20 15:30:00,2024-01-20 16:41:00,71,Delhi,3,1
TSK0089,Security Check,CRW0813,2024-01-22 23:55:00,2024-01-23 00:52:00,57,Hyderabad,2,1
TSK0090,Inventory Check,CRW0906,2024-01-14 05:45:00,2024-01-14 06:47:00,62,Ahmedabad,6,1
TSK0091,Equipment Testing,CRW0907,2024-01-28 08:21:00,2024-01-28 11:26:00,185,Kolkata,5,3
TSK0092,Security Check,CRW0852,2024-01-06 02:04:00,2024-01-06 03:14:00,70,Hyderabad,2,1
TSK0093,Inspection,CRW0311,2024-01-22 15:24:00,2024-01-22 17:40:00,136,Pune,1,3
TSK0094,Inventory Check,CRW0212,2024-01-24 23:54:00,2024-01-25 02:57:00,183,Pune,6,3
TSK0095,Inspection,CRW0009,2024-01-11 20:21:00,2024-01-11 23:30:00,189,Delhi,1,3
TSK0096,Inspection,CRW0235,2024-01-26 04:12:00,2024-01-26 06:30:00,138,Ahmedabad,1,3
TSK0097,Repair,CRW0261,2024-01-13 17:39:00,2024-01-13 18:57:00,78,Jaipur,3,1
TSK0098,Inventory Check,CRW0546,2024-01-23 12:37:00,2024-01-23 15:26:00,169,Mumbai,6,3
TSK0099,Inventory Check,CRW0005,2024-01-01 11:08:00,2024-01-01 15:02:00,234,Jaipur,6,0
TSK0100,Inspection,CRW0139,2024-01-12 18:52:00,2024-01-12 20:27:00,95,Mumbai,1,2
TSK0101,Inspection,CRW0357,2024-01-18 00:20:00,2024-01-18 03:25:00,185,Lucknow,1,3
TSK0102,Equipment Testing,CRW0091,2024-01-01 12:24:00,2024-01-01 15:48:00,204,Kolkata,5,0
TSK0103,Inventory Check,CRW0506,2024-01-01 13:57:00,2024-01-01 17:44:00,227,Mumbai,6,0
TSK0104,Inspection,CRW0353,2024-01-25 06:13:00,2024-01-25 07:23:00,70,Ahmedabad,1,1
TSK0105,Cleaning,CRW0880,2024-01-30 14:26:00,2024-01-30 17:01:00,155,Ahmedabad,4,3
TSK0106,Security Check,CRW0186,2024-01-11 07:09:00,2024-01-11 08:31:00,82,Kolkata,2,2
TSK0107,Security Check,CRW0136,2024-01-04 01:38:00,2024-01-04 03:59:00,141,Jaipur,2,3
TSK0108,Cleaning,CRW0279,2024-01-15 23:51:00,2024-01-16 02:38:00,167,Jaipur,4,3
TSK0109,Cleaning,CRW0013,2024-01-23 17:43:00,2024-01-23 18:26:00,43,Bangalore,4,1
TSK0110,Repair,CRW0513,2024-01-22 02:20:00,2024-01-22 05:03:00,163,Delhi,3,3
TSK0111,Repair,CRW0697,2024-01-08 03:15:00,2024-01-08 05:01:00,106,Hyderabad,3,2
TSK0112,Inventory Check,CRW0894,2024-01-13 21:50:00,2024-01-13 23:32:00,102,Delhi,6,2
TSK0113,Security Check,CRW0159,2024-01-09 07:12:00,2024-01-09 08:33:00,81,Bangalore,2,2
TSK0114,Cleaning,CRW0871,2024-01-31 09:24:00,2024-01-31 11:19:00,115,Bangalore,4,2
TSK0115,Repair,CRW0203,2024-01-15 07:39:00,2024-01-15 08:49:00,70,Kolkata,3,1
TSK0116,Security Check,CRW0888,2024-01-20 11:11:00,2024-01-20 12:09:00,58,Bangalore,2,1
TSK0117,Inspection,CRW0855,2024-01-10 10:31:00,2024-01-10 13:34:00,183,Mumbai,1,3
TSK0118,Inspection,CRW0069,2024-01-03 14:59:00,2024-01-03 15:44:00,45,Pune,1,1
TSK0119,Repair,CRW0833,2024-01-03 14:30:00,2024-01-03 15:10:00,40,Mumbai,3,1
TSK0120,Inventory Check,CRW0718,2024-01-05 07:15:00,2024-01-05 10:05:00,170,Jaipur,6,3
TSK0121,Inventory Check,CRW0953,2024-01-21 21:17:00,2024-01-21 23:01:00,104,Lucknow,6,2
TSK0122,Security Check,CRW0731,2024-01-06 15:37:00,2024-01-06 19:13:00,216,Pune,2,0
TSK0123,Maintenance,CRW0715,2024-01-18 17:40:00,2024-01-18 18:35:00,55,Chennai,0,1
TSK0124,Cleaning,CRW0517,2024-01-26 20:00:00,2024-01-26 23:25:00,205,Chennai,4,0
TSK0125,Repair,CRW0143,2024-01-12 11:47:00,2024-01-12 15:40:00,233,Ahmedabad,3,0
TSK0126,Repair,CRW0814,2024-01-01 00:36:00,2024-01-01 03:36:00,180,Mumbai,3,3
TSK0127,Equipment Testing,CRW0362,2024-01-27 21:45:00,2024-01-28 01:45:00,240,Jaipur,5,0
TSK0128,Security Check,CRW0277,2024-01-27 20:44:00,2024-01-28 00:42:00,238,Jaipur,2,0
TSK0129,Maintenance,CRW0303,2024-01-14 06:57:00,2024-01-14 09:32:00,155,Hyderabad,0,3
TSK0130,Repair,CRW0545,2024-01-31 11:47:00,2024-01-31 13:04:00,77,Bangalore,3,1
TSK0131,Inspection,CRW0800,2024-01-13 15:07:00,2024-01-13 18:48:00,221,Chennai,1,0
TSK0132,Security Check,CRW0155,2024-01-28 09:45:00,2024-01-28 12:10:00,145,Mumbai,2,3
TSK0133,Inventory Check,CRW0954,2024-01-13 20:53:00,2024-01-13 21:46:00,53,Kolkata,6,1
TSK0134,Maintenance,CRW0446,2024-01-23 06:13:00,2024-01-23 07:25:00,72,Jaipur,0,1
TSK0135,Equipment Testing,CRW0619,2024-01-04 01:31:00,2024-01-04 03:40:00,129,Delhi,5,2
TSK0136,Repair,CRW0808,2024-01-22 00:04:00,2024-01-22 02:36:00,152,Bangalore,3,3
TSK0137,Repair,CRW0400,2024-01-28 20:49:00,2024-01-28 22:13:00,84,Jaipur,3,2
TSK0138,Cleaning,CRW0485,2024-01-26 02:08:00,2024-01-26 04:07:00,119,Pune,4,2
TSK0139,Security Check,CRW0198,2024-01-11 22:21:00,2024-01-12 01:56:00,215,Delhi,2,0
TSK0140,Inventory Check,CRW0951,2024-01-01 11:02:00,2024-01-01 12:29:00,87,Hyderabad,6,2
TSK0141,Cleaning,CRW0640,2024-01-10 20:01:00,2024-01-11 00:00:00,239,Delhi,4,0
TSK0142,Equipment Testing,CRW0032,2024-01-07 11:28:00,2024-01-07 15:19:00,231,Jaipur,5,0
TSK0143,Equipment Testing,CRW0423,2024-01-13 15:11:00,2024-01-13 16:25:00,74,Kolkata,5,1
TSK0144,Repair,CRW0505,2024-01-10 10:43:00,2024-01-10 14:15:00,212,Mumbai,3,0
TSK0145,Security Check,CRW0505,2024-01-16 12:13:00,2024-01-16 13:16:00,63,Pune,2,1
TSK0146,Cleaning,CRW0415,2024-01-19 16:22:00,2024-01-19 17:56:00,94,Delhi,4,2
TSK0147,Inventory Check,CRW0219,2024-01-31 19:15:00,2024-01-31 21:36:00,141,Ahmedabad,6,3
TSK0148,Inspection,CRW0038,2024-01-03 21:13:00,2024-01-04 01:06:00,233,Hyderabad,1,0
TSK0149,Repair,CRW0312,2024-01-07 02:34:00,2024-01-07 03:09:00,35,Bangalore,3,1
TSK0150,Repair,CRW0375,2024-01-10 19:23:00,2024-01-10 23:10:00,227,Kolkata,3,0
TSK0151,Repair,CRW0827,2024-01-11 02:25:00,2024-01-11 05:58:00,213,Chennai,3,0
TSK0152,Equipment Testing,CRW0200,2024-01-20 19:48:00,2024-01-20 20:38:00,50,Ahmedabad,5,1
TSK0153,Cleaning,CRW0694,2024-01-28 17:34:00,2024-01-28 19:07:00,93,Kolkata,4,2
TSK0154,Security Check,CRW0665,2024-01-06 07:58:00,2024-01-06 11:01:00,183,Hyderabad,2,3
TSK0155,Security Check,CRW0688,2024-01-06 19:46:00,2024-01-06 21:25:00,99,Bangalore,2,2
TSK0156,Cleaning,CRW0005,2024-01-29 01:33:00,2024-01-29 03:36:00,123,Jaipur,4,2
TSK0157,Equipment Testing,CRW0677,2024-01-09 19:01:00,2024-01-09 20:15:00,74,Kolkata,5,1
TSK0158,Security Check,CRW0335,2024-01-04 13:59:00,2024-01-04 17:55:00,236,Lucknow,2,0
TSK0159,Inspection,CRW0037,2024-01-12 11:06:00,2024-01-12 14:40:00,214,Chennai,1,0
TSK0160,Equipment Testing,CRW0756,2024-01-12 23:38:00,2024-01-13 01:42:00,124,Chennai,5,2
TSK0161,Inspection,CRW0414,2024-01-01 04:54:00,2024-01-01 05:24:00,30,Ahmedabad,1,1
TSK0162,Cleaning,CRW0271,2024-01-19 14:57:00,2024-01-19 16:14:00,77,Kolkata,4,1
TSK0163,Equipment Testing,CRW0845,2024-01-24 14:06:00,2024-01-24 15:14:00,68,Hyderabad,5,1
TSK0164,Maintenance,CRW0758,2024-01-26 03:59:00,2024-01-26 06:01:00,122,Lucknow,0,2
TSK0165,Maintenance,CRW0426,2024-01-04 20:54:00,2024-01-05 00:32:00,218,Jaipur,0,0
TSK0166,Cleaning,CRW0795,2024-01-20 15:38:00,2024-01-20 16:29:00,51,Kolkata,4,1
TSK0167,Repair,CRW0502,2024-01-10 15:49:00,2024-01-10 17:35:00,106,Kolkata,3,2
TSK0168,Security Check,CRW0339,2024-01-23 19:57:00,2024-01-23 23:01:00,184,Ahmedabad,2,3
TSK0169,Repair,CRW0264,2024-01-01 14:11:00,2024-01-01 16:17:00,126,Jaipur,3,2
TSK0170,Repair,CRW0874,2024-01-20 09:00:00,2024-01-20 09:56:00,56,Lucknow,3,1
TSK0171,Equipment Testing,CRW0269,2024-01-14 15:58:00,2024-01-14 19:39:00,221,Lucknow,5,0
TSK0172,Repair,CRW0600,2024-01-29 02:59:00,2024-01-29 03:53:00,54,Mumbai,3,1
TSK0173,Repair,CRW0948,2024-01-12 13:29:00,2024-01-12 14:55:00,86,Pune,3,2
TSK0174,Repair,CRW0279,2024-01-13 00:43:00,2024-01-13 02:04:00,81,Mumbai,3,2
TSK0175,Repair,CRW0474,2024-01-25 16:20:00,2024-01-25 17:08:00,48,Lucknow,3,1
TSK0176,Security Check,CRW0653,2024-01-29 06:43:00,2024-01-29 08:59:00,136,Kolkata,2,3
TSK0177,Maintenance,CRW0616,2024-01-05 23:52:00,2024-01-06 00:28:00,36,Lucknow,0,1
TSK0178,Inspection,CRW0025,2024-01-03 00:00:00,2024-01-03 00:53:00,53,Jaipur,1,1
TSK0179,Equipment Testing,CRW0962,2024-01-07 22:51:00,2024-01-08 01:59:00,188,Chennai,5,3
TSK0180,Security Check,CRW0272,2024-01-10 11:20:00,2024-01-10 14:02:00,162,Pune,2,3
TSK0181,Cleaning,CRW0395,2024-01-06 04:03:00,2024-01-06 05:23:00,80,Jaipur,4,2
TSK0182,Inspection,CRW0603,2024-01-25 02:24:00,2024-01-25 05:41:00,197,Pune,1,0
TSK0183,Repair,CRW0962,2024-01-21 17:21:00,2024-01-21 18:44:00,83,Pune,3,2
TSK0184,Equipment Testing,CRW0058,2024-01-14 05:10:00,2024-01-14 08:51:00,221,Jaipur,5,0
TSK0185,Repair,CRW0213,2024-01-15 06:40:00,2024-01-15 08:36:00,116,Chennai,3,2
TSK0186,Repair,CRW0041,2024-01-08 19:47:00,2024-01-08 22:09:00,142,Pune,3,3
TSK0187,Cleaning,CRW0976,2024-01-24 17:01:00,2024-01-24 19:38:00,157,Bangalore,4,3
TSK0188,Cleaning,CRW0275,2024-01-04 16:55:00,2024-01-04 20:38:00,223,Ahmedabad,4,0
TSK0189,Cleaning,CRW0111,2024-01-17 01:40:00,2024-01-17 03:05:00,85,Pune,4,2
TSK0190,Security Check,CRW0113,2024-01-13 23:49:00,2024-01-14 03:09:00,200,Ahmedabad,2,0
TSK0191,Maintenance,CRW0955,2024-01-22 14:53:00,2024-01-22 16:32:00,99,Kolkata,0,2
TSK0192,Maintenance,CRW0941,2024-01-25 16:39:00,2024-01-25 19:17:00,158,Hyderabad,0,3
TSK0193,Security Check,CRW0884,2024-01-06 12:09:00,2024-01-06 12:47:00,38,Jaipur,2,1
TSK0194,Inspection,CRW0226,2024-01-21 16:26:00,2024-01-21 18:16:00,110,Delhi,1,2
TSK0195,Repair,CRW0299,2024-01-19 05:14:00,2024-01-19 05:56:00,42,Pune,3,1
TSK0196,Repair,CRW0676,2024-01-26 21:38:00,2024-01-27 00:26:00,168,Lucknow,3,3
TSK0197,Cleaning,CRW0211,2024-01-19 04:25:00,2024-01-19 05:22:00,57,Lucknow,4,1
TSK0198,Security Check,CRW0108,2024-01-02 19:05:00,2024-01-02 19:42:00,37,Pune,2,1
TSK0199,Repair,CRW0753,2024-01-04 09:00:00,2024-01-04 12:53:00,233,Ahmedabad,3,0
TSK0200,Maintenance,CRW0620,2024-01-10 20:00:00,2024-01-10 23:24:00,204,Delhi,0,0
TSK0201,Cleaning,CRW0044,2024-01-08 21:33:00,2024-01-09 01:33:00,240,Kolkata,4,0
TSK0202,Maintenance,CRW0325,2024-01-10 22:18:00,2024-01-11 00:24:00,126,Mumbai,0,2
TSK0203,Repair,CRW0387,2024-01-08 08:05:00,2024-01-08 11:26:00,201,Lucknow,3,0
TSK0204,Inspection,CRW0570,2024-01-09 03:34:00,2024-01-09 05:44:00,130,Pune,1,2
TSK0205,Inspection,CRW0930,2024-01-06 18:12:00,2024-01-06 19:47:00,95,Jaipur,1,2
TSK0206,Inspection,CRW0825,2024-01-15 15:39:00,2024-01-15 17:49:00,130,Jaipur,1,2
TSK0207,Maintenance,CRW0787,2024-01-22 07:15:00,2024-01-22 08:32:00,77,Bangalore,0,1
TSK0208,Repair,CRW0606,2024-01-26 04:47:00,2024-01-26 05:52:00,65,Chennai,3,1
TSK0209,Cleaning,CRW0935,2024-01-22 03:44:00,2024-01-22 07:24:00,220,Mumbai,4,0
TSK0210,Equipment Testing,CRW0950,2024-01-15 03:36:00,2024-01-15 05:31:00,115,Hyderabad,5,2
TSK0211,Equipment Testing,CRW0245,2024-01-04 13:48:00,2024-01-04 16:29:00,161,Ahmedabad,5,3
TSK0212,Inventory Check,CRW0480,2024-01-01 16:19:00,2024-01-01 18:58:00,159,Jaipur,6,3
TSK0213,Equipment Testing,CRW0197,2024-01-15 03:45:00,2024-01-15 05:08:00,83,Jaipur,5,2
TSK0214,Inspection,CRW0263,2024-01-25 03:19:00,2024-01-25 06:07:00,168,Delhi,1,3
TSK0215,Inspection,CRW0715,2024-01-20 06:06:00,2024-01-20 08:48:00,162,Mumbai,1,3
TSK0216,Repair,CRW0930,2024-01-27 14:44:00,2024-01-27 18:41:00,237,Chennai,3,0
TSK0217,Cleaning,CRW0529,2024-01-15 14:36:00,2024-01-15 15:15:00,39,Hyderabad,4,1
TSK0218,Equipment Testing,CRW0849,2024-01-21 21:26:00,2024-01-22 01:22:00,236,Ahmedabad,5,0
TSK0219,Inspection,CRW0566,2024-01-24 18:48:00,2024-01-24 20:29:00,101,Mumbai,1,2
TSK0220,Maintenance,CRW0141,2024-01-27 15:40:00,2024-01-27 16:27:00,47,Kolkata,0,1
TSK0221,Inventory Check,CRW0005,2024-01-03 23:19:00,2024-01-04 01:14:00,115,Delhi,6,2
TSK0222,Security Check,CRW0946,2024-01-30 06:18:00,2024-01-30 07:10:00,52,Lucknow,2,1
TSK0223,Equipment Testing,CRW0023,2024-01-09 17:37:00,2024-01-09 18:50:00,73,Chennai,5,1
TSK0224,Equipment Testing,CRW0425,2024-01-02 11:23:00,2024-01-02 12:39:00,76,Kolkata,5,1
TSK0225,Equipment Testing,CRW0552,2024-01-05 19:29:00,2024-01-05 22:06:00,157,Kolkata,5,3
TSK0226,Equipment Testing,CRW0877,2024-01-26 13:59:00,2024-01-26 14:41:00,42,Delhi,5,1
TSK0227,Equipment Testing,CRW0669,2024-01-01 10:07:00,2024-01-01 13:38:00,211,Lucknow,5,0
TSK0228,Equipment Testing,CRW0494,2024-01-12 16:56:00,2024-01-12 19:15:00,139,Bangalore,5,3
TSK0229,Security Check,CRW0001,2024-01-03 19:05:00,2024-01-03 21:27:00,142,Kolkata,2,3
TSK0230,Repair,CRW0986,2024-01-01 09:53:00,2024-01-01 12:15:00,142,Ahmedabad,3,3
TSK0231,Cleaning,CRW0532,2024-01-07 10:44:00,2024-01-07 12:31:00,107,Mumbai,4,2
TSK0232,Maintenance,CRW0086,2024-01-30 22:46:00,2024-01-31 00:14:00,88,Delhi,0,2
TSK0233,Cleaning,CRW0156,2024-01-29 16:24:00,2024-01-29 19:13:00,169,Kolkata,4,3
TSK0234,Maintenance,CRW0641,2024-01-14 03:47:00,2024-01-14 07:46:00,239,Hyderabad,0,0
TSK0235,Maintenance,CRW0391,2024-01-23 20:55:00,2024-01-24 00:16:00,201,Ahmedabad,0,0
TSK0236,Equipment Testing,CRW0527,2024-01-19 01:14:00,2024-01-19 04:15:00,181,Lucknow,5,3
TSK0237,Repair,CRW0065,2024-01-06 16:16:00,2024-01-06 19:40:00,204,Jaipur,3,0
TSK0238,Cleaning,CRW0645,2024-01-25 11:22:00,2024-01-25 14:38:00,196,Chennai,4,0
TSK0239,Maintenance,CRW0868,2024-01-15 17:43:00,2024-01-15 19:28:00,105,Delhi,0,2
TSK0240,Inventory Check,CRW0664,2024-01-22 06:08:00,2024-01-22 07:45:00,97,Pune,6,2
TSK0241,Equipment Testing,CRW0584,2024-01-09 22:16:00,2024-01-10 00:21:00,125,Kolkata,5,2
TSK0242,Inspection,CRW0120,2024-01-07 22:33:00,2024-01-07 23:07:00,34,Delhi,1,1
TSK0243,Repair,CRW0091,2024-01-19 00:58:00,2024-01-19 02:36:00,98,Kolkata,3,2
TSK0244,Security Check,CRW0171,2024-01-07 20:44:00,2024-01-08 00:01:00,197,Bangalore,2,0
TSK0245,Cleaning,CRW0526,2024-01-08 02:13:00,2024-01-08 04:38:00,145,Delhi,4,3
TSK0246,Inspection,CRW0086,2024-01-05 22:19:00,2024-01-06 01:05:00,166,Chennai,1,3
TSK0247,Inventory Check,CRW0657,2024-01-26 00:37:00,2024-01-26 03:37:00,180,Delhi,6,3
TSK0248,Security Check,CRW0495,2024-01-30 11:39:00,2024-01-30 12:29:00,50,Ahmedabad,2,1
TSK0249,Equipment Testing,CRW0710,2024-01-03 11:47:00,2024-01-03 14:43:00,176,Lucknow,5,3
TSK0250,Inventory Check,CRW0573,2024-01-20 03:37:00,2024-01-20 06:13:00,156,Hyderabad,6,3
TSK0251,Maintenance,CRW0312,2024-01-05 18:24:00,2024-01-05 21:56:00,212,Mumbai,0,0
TSK0252,Cleaning,CRW0847,2024-01-08 15:12:00,2024-01-08 18:24:00,192,Pune,4,0
TSK0253,Inspection,CRW0472,2024-01-23 06:37:00,2024-01-23 07:08:00,31,Hyderabad,1,1
TSK0254,Security Check,CRW0285,2024-01-11 05:01:00,2024-01-11 07:10:00,129,Kolkata,2,2
TSK0255,Repair,CRW0905,2024-01-19 06:31:00,2024-01-19 07:21:00,50,Kolkata,3,1
TSK0256,Security Check,CRW0266,2024-01-20 00:00:00,2024-01-20 01:54:00,114,Jaipur,2,2
TSK0257,Repair,CRW0026,2024-01-21 14:38:00,2024-01-21 15:46:00,68,Lucknow,3,1
TSK0258,Repair,CRW0056,2024-01-13 21:25:00,2024-01-14 00:13:00,168,Chennai,3,3
TSK0259,Inventory Check,CRW0449,2024-01-10 14:35:00,2024-01-10 17:17:00,162,Lucknow,6,3
TSK0260,Inspection,CRW0470,2024-01-27 06:57:00,2024-01-27 10:31:00,214,Chennai,1,0
TSK0261,Inspection,CRW0313,2024-01-26 21:58:00,2024-01-27 00:58:00,180,Ahmedabad,1,3
TSK0262,Maintenance,CRW0181,2024-01-05 22:38:00,2024-01-06 01:51:00,193,Pune,0,0
TSK0263,Security Check,CRW0835,2024-01-10 05:38:00,2024-01-10 07:57:00,139,Kolkata,2,3
TSK0264,Security Check,CRW0177,2024-01-12 23:09:00,2024-01-13 01:51:00,162,Jaipur,2,3
TSK0265,Repair,CRW0471,2024-01-07 08:16:00,2024-01-07 09:16:00,60,Bangalore,3,1
TSK0266,Repair,CRW0340,2024-01-22 03:08:00,2024-01-22 03:43:00,35,Lucknow,3,1
TSK0267,Equipment Testing,CRW0903,2024-01-24 18:17:00,2024-01-24 19:34:00,77,Jaipur,5,1
TSK0268,Inventory Check,CRW0636,2024-01-13 17:01:00,2024-01-13 20:18:00,197,Ahmedabad,6,0
TSK0269,Maintenance,CRW0757,2024-01-19 21:22:00,2024-01-20 00:28:00,186,Delhi,0,3
TSK0270,Cleaning,CRW0591,2024-01-09 00:37:00,2024-01-09 04:02:00,205,Mumbai,4,0
TSK0271,Cleaning,CRW0751,2024-01-13 13:48:00,2024-01-13 16:36:00,168,Pune,4,3
TSK0272,Repair,CRW0766,2024-01-30 15:51:00,2024-01-30 17:09:00,78,Bangalore,3,1
TSK0273,Security Check,CRW0490,2024-01-15 07:00:00,2024-01-15 07:48:00,48,Hyderabad,2,1
TSK0274,Maintenance,CRW0210,2024-01-30 11:10:00,2024-01-30 14:41:00,211,Bangalore,0,0
TSK0275,Inventory Check,CRW0764,2024-01-12 09:40:00,2024-01-12 11:03:00,83,Mumbai,6,2
TSK0276,Equipment Testing,CRW0126,2024-01-24 06:54:00,2024-01-24 08:33:00,99,Lucknow,5,2
TSK0277,Inspection,CRW0969,2024-01-30 14:28:00,2024-01-30 17:11:00,163,Mumbai,1,3
TSK0278,Security Check,CRW0368,2024-01-24 23:21:00,2024-01-24 23:59:00,38,Hyderabad,2,1
TSK0279,Security Check,CRW0572,2024-01-10 20:33:00,2024-01-10 21:45:00,72,Hyderabad,2,1
TSK0280,Repair,CRW0819,2024-01-09 10:44:00,2024-01-09 12:08:00,84,Delhi,3,2
TSK0281,Inspection,CRW0244,2024-01-03 22:43:00,2024-01-04 02:21:00,218,Mumbai,1,0
TSK0282,Inspection,CRW0019,2024-01-21 13:28:00,2024-01-21 16:14:00,166,Mumbai,1,3
TSK0283,Security Check,CRW0298,2024-01-19 17:44:00,2024-01-19 21:22:00,218,Lucknow,2,0
TSK0284,Repair,CRW0101,2024-01-14 06:54:00,2024-01-14 10:27:00,213,Hyderabad,3,0
TSK0285,Inspection,CRW0330,2024-01-24 04:02:00,2024-01-24 07:47:00,225,Pune,1,0
TSK0286,Cleaning,CRW0019,2024-01-18 17:31:00,2024-01-18 18:40:00,69,Jaipur,4,1
TSK0287,Inspection,CRW0665,2024-01-20 02:15:00,2024-01-20 04:00:00,105,Chennai,1,2
TSK0288,Cleaning,CRW0914,2024-01-28 18:12:00,2024-01-28 20:36:00,144,Mumbai,4,3
TSK0289,Inspection,CRW0959,2024-01-07 17:57:00,2024-01-07 19:41:00,104,Kolkata,1,2
TSK0290,Security Check,CRW0413,2024-01-22 23:22:00,2024-01-23 02:24:00,182,Ahmedabad,2,3
TSK0291,Security Check,CRW0478,2024-01-28 21:58:00,2024-01-28 23:54:00,116,Jaipur,2,2
TSK0292,Security Check,CRW0610,2024-01-11 06:18:00,2024-01-11 08:14:00,116,Hyderabad,2,2
TSK0293,Maintenance,CRW0213,2024-01-09 22:24:00,2024-01-10 01:33:00,189,Ahmedabad,0,3
TSK0294,Maintenance,CRW0342,2024-01-18 05:41:00,2024-01-18 09:09:00,208,Chennai,0,0
TSK0295,Maintenance,CRW0442,2024-01-24 23:34:00,2024-01-25 00:21:00,47,Lucknow,0,1
TSK0296,Security Check,CRW0671,2024-01-03 11:17:00,2024-01-03 11:51:00,34,Bangalore,2,1
TSK0297,Inventory Check,CRW0485,2024-01-21 20:02:00,2024-01-21 21:55:00,113,Pune,6,2
TSK0298,Inventory Check,CRW0728,2024-01-23 13:20:00,2024-01-23 16:40:00,200,Pune,6,0
TSK0299,Security Check,CRW0623,2024-01-20 11:19:00,2024-01-20 13:15:00,116,Lucknow,2,2
TSK0300,Equipment Testing,CRW0440,2024-01-28 22:04:00,2024-01-28 23:53:00,109,Chennai,5,2
TSK0301,Inventory Check,CRW0461,2024-01-12 23:36:00,2024-01-13 02:14:00,158,Hyderabad,6,3
TSK0302,Repair,CRW0340,2024-01-06 08:23:00,2024-01-06 09:36:00,73,Lucknow,3,1
TSK0303,Repair,CRW0238,2024-01-20 05:23:00,2024-01-20 06:09:00,46,Delhi,3,1
TSK0304,Cleaning,CRW0275,2024-01-29 18:13:00,2024-01-29 20:43:00,150,Ahmedabad,4,3
TSK0305,Inventory Check,CRW0499,2024-01-28 13:54:00,2024-01-28 17:30:00,216,Bangalore,6,0
TSK0306,Maintenance,CRW0092,2024-01-29 06:11:00,2024-01-29 08:11:00,120,Jaipur,0,2
TSK0307,Inspection,CRW0863,2024-01-24 13:47:00,2024-01-24 16:36:00,169,Hyderabad,1,3
TSK0308,Security Check,CRW0050,2024-01-12 19:08:00,2024-01-12 21:17:00,129,Bangalore,2,2
TSK0309,Maintenance,CRW0398,2024-01-31 18:57:00,2024-01-31 20:30:00,93,Mumbai,0,2
TSK0310,Maintenance,CRW0994,2024-01-13 12:01:00,2024-01-13 12:57:00,56,Ahmedabad,0,1
TSK0311,Inventory Check,CRW0086,2024-01-27 03:13:00,2024-01-27 04:56:00,103,Ahmedabad,6,2
TSK0312,Inspection,CRW0288,2024-01-29 17:56:00,2024-01-29 19:53:00,117,Hyderabad,1,2
TSK0313,Inspection,CRW0126,2024-01-04 07:12:00,2024-01-04 08:04:00,52,Ahmedabad,1,1
TSK0314,Maintenance,CRW0119,2024-01-15 10:51:00,2024-01-15 14:33:00,222,Hyderabad,0,0
TSK0315,Cleaning,CRW0615,2024-01-29 03:28:00,2024-01-29 07:18:00,230,Delhi,4,0
TSK0316,Inventory Check,CRW0577,2024-01-20 09:49:00,2024-01-20 13:25:00,216,Mumbai,6,0
TSK0317,Repair,CRW0389,2024-01-08 02:35:00,2024-01-08 05:53:00,198,Chennai,3,0
TSK0318,Security Check,CRW0516,2024-01-31 16:32:00,2024-01-31 19:37:00,185,Pune,2,3
TSK0319,Inventory Check,CRW0175,2024-01-04 15:43:00,2024-01-04 19:24:00,221,Chennai,6,0
TSK0320,Equipment Testing,CRW0235,2024-01-03 13:49:00,2024-01-03 17:24:00,215,Chennai,5,0
TSK0321,Cleaning,CRW0259,2024-01-11 09:30:00,2024-01-11 10:24:00,54,Jaipur,4,1
TSK0322,Repair,CRW0457,2024-01-25 16:24:00,2024-01-25 17:49:00,85,Jaipur,3,2
TSK0323,Equipment Testing,CRW0046,2024-01-11 03:44:00,2024-01-11 07:39:00,235,Kolkata,5,0
TSK0324,Cleaning,CRW0730,2024-01-13 06:34:00,2024-01-13 09:29:00,175,Chennai,4,3
TSK0325,Inventory Check,CRW0054,2024-01-18 12:36:00,2024-01-18 13:23:00,47,Lucknow,6,1
TSK0326,Equipment Testing,CRW0550,2024-01-22 00:09:00,2024-01-22 04:07:00,238,Pune,5,0
TSK0327,Security Check,CRW0032,2024-01-27 18:10:00,2024-01-27 20:45:00,155,Chennai,2,3
TSK0328,Maintenance,CRW0760,2024-01-09 09:38:00,2024-01-09 10:48:00,70,Hyderabad,0,1
TSK0329,Equipment Testing,CRW0071,2024-01-03 05:31:00,2024-01-03 07:30:00,119,Bangalore,5,2
TSK0330,Repair,CRW0688,2024-01-29 16:21:00,2024-01-29 20:18:00,237,Hyderabad,3,0
TSK0331,Maintenance,CRW0746,2024-01-31 06:26:00,2024-01-31 06:58:00,32,Kolkata,0,1
TSK0332,Inventory Check,CRW0288,2024-01-07 06:52:00,2024-01-07 07:34:00,42,Hyderabad,6,1
TSK0333,Security Check,CRW0856,2024-01-16 21:19:00,2024-01-16 23:34:00,135,Jaipur,2,3
TSK0334,Inspection,CRW0034,2024-01-24 01:59:00,2024-01-24 02:48:00,49,Pune,1,1
TSK0335,Equipment Testing,CRW0277,2024-01-14 10:18:00,2024-01-14 11:32:00,74,Delhi,5,1
TSK0336,Cleaning,CRW0564,2024-01-21 18:28:00,2024-01-21 19:55:00,87,Chennai,4,2
TSK0337,Equipment Testing,CRW0723,2024-01-11 09:36:00,2024-01-11 11:24:00,108,Bangalore,5,2
TSK0338,Equipment Testing,CRW0375,2024-01-09 03:47:00,2024-01-09 06:23:00,156,Jaipur,5,3
TSK0339,Repair,CRW0187,2024-01-24 01:19:00,2024-01-24 03:25:00,126,Kolkata,3,2
TSK0340,Equipment Testing,CRW0014,2024-01-03 22:02:00,2024-01-04 01:01:00,179,Pune,5,3
TSK0341,Equipment Testing,CRW0893,2024-01-05 13:02:00,2024-01-05 15:00:00,118,Chennai,5,2
TSK0342,Cleaning,CRW0178,2024-01-23 12:06:00,2024-01-23 14:07:00,121,Chennai,4,2
TSK0343,Inventory Check,CRW0076,2024-01-12 16:22:00,2024-01-12 18:56:00,154,Pune,6,3
TSK0344,Inspection,CRW0489,2024-01-23 06:01:00,2024-01-23 08:59:00,178,Lucknow,1,3
TSK0345,Inventory Check,CRW0700,2024-01-03 23:20:00,2024-01-04 01:33:00,133,Delhi,6,2
TSK0346,Cleaning,CRW0038,2024-01-03 10:43:00,2024-01-03 12:04:00,81,Jaipur,4,2
TSK0347,Equipment Testing,CRW0145,2024-01-10 23:52:00,2024-01-11 02:01:00,129,Lucknow,5,2
TSK0348,Cleaning,CRW0345,2024-01-25 00:07:00,2024-01-25 01:07:00,60,Jaipur,4,1
TSK0349,Repair,CRW0077,2024-01-26 14:27:00,2024-01-26 17:11:00,164,Hyderabad,3,3
TSK0350,Maintenance,CRW0046,2024-01-26 17:30:00,2024-01-26 20:10:00,160,Jaipur,0,3
TSK0351,Security Check,CRW0848,2024-01-12 02:59:00,2024-01-12 04:54:00,115,Chennai,2,2
TSK0352,Cleaning,CRW0839,2024-01-14 20:02:00,2024-01-14 22:47:00,165,Kolkata,4,3
TSK0353,Inventory Check,CRW0371,2024-01-20 18:55:00,2024-01-20 21:24:00,149,Mumbai,6,3
TSK0354,Maintenance,CRW0178,2024-01-06 15:32:00,2024-01-06 18:37:00,185,Jaipur,0,3
TSK0355,Cleaning,CRW0298,2024-01-23 09:11:00,2024-01-23 12:17:00,186,Hyderabad,4,3
TSK0356,Inventory Check,CRW0779,2024-01-31 11:52:00,2024-01-31 13:59:00,127,Jaipur,6,2
TSK0357,Inspection,CRW0008,2024-01-31 20:32:00,2024-01-31 21:03:00,31,Ahmedabad,1,1
TSK0358,Inventory Check,CRW0562,2024-01-08 05:21:00,2024-01-08 09:03:00,222,Ahmedabad,6,0
TSK0359,Maintenance,CRW0543,2024-01-10 03:12:00,2024-01-10 05:09:00,117,Pune,0,2
TSK0360,Cleaning,CRW0024,2024-01-30 05:32:00,2024-01-30 08:11:00,159,Kolkata,4,3
TSK0361,Inspection,CRW0959,2024-01-24 04:40:00,2024-01-24 08:00:00,200,Pune,1,0
TSK0362,Security Check,CRW0767,2024-01-16 15:43:00,2024-01-16 17:19:00,96,Pune,2,2
TSK0363,Cleaning,CRW0475,2024-01-01 12:22:00,2024-01-01 13:46:00,84,Jaipur,4,2
TSK0364,Maintenance,CRW0848,2024-01-13 05:08:00,2024-01-13 08:01:00,173,Delhi,0,3
TSK0365,Security Check,CRW0741,2024-01-03 22:40:00,2024-01-04 01:19:00,159,Jaipur,2,3
TSK0366,Security Check,CRW0442,2024-01-08 13:40:00,2024-01-08 14:43:00,63,Jaipur,2,1
TSK0367,Equipment Testing,CRW0388,2024-01-01 19:50:00,2024-01-01 21:17:00,87,Kolkata,5,2
TSK0368,Repair,CRW0323,2024-01-21 08:13:00,2024-01-21 08:55:00,42,Hyderabad,3,1
TSK0369,Maintenance,CRW0972,2024-01-29 06:35:00,2024-01-29 10:08:00,213,Chennai,0,0
TSK0370,Inventory Check,CRW0125,2024-01-25 01:22:00,2024-01-25 03:07:00,105,Mumbai,6,2
TSK0371,Repair,CRW0100,2024-01-22 08:32:00,2024-01-22 11:19:00,167,Mumbai,3,3
TSK0372,Cleaning,CRW0302,2024-01-23 06:33:00,2024-01-23 07:44:00,71,Pune,4,1
TSK0373,Maintenance,CRW0670,2024-01-12 15:14:00,2024-01-12 16:54:00,100,Mumbai,0,2
TSK0374,Inventory Check,CRW0147,2024-01-30 07:21:00,2024-01-30 10:03:00,162,Lucknow,6,3
TSK0375,Repair,CRW0249,2024-01-26 01:47:00,2024-01-26 05:35:00,228,Hyderabad,3,0
TSK0376,Cleaning,CRW0432,2024-01-04 00:50:00,2024-01-04 01:20:00,30,Delhi,4,1
TSK0377,Maintenance,CRW0632,2024-01-09 07:45:00,2024-01-09 11:05:00,200,Bangalore,0,0
TSK0378,Maintenance,CRW0080,2024-01-12 12:03:00,2024-01-12 13:05:00,62,Hyderabad,0,1
TSK0379,Equipment Testing,CRW0597,2024-01-09 11:34:00,2024-01-09 12:26:00,52,Ahmedabad,5,1
TSK0380,Cleaning,CRW0268,2024-01-01 02:33:00,2024-01-01 04:07:00,94,Lucknow,4,2
TSK0381,Security Check,CRW0940,2024-01-29 18:21:00,2024-01-29 21:39:00,198,Delhi,2,0
TSK0382,Repair,CRW0869,2024-01-28 11:47:00,2024-01-28 14:07:00,140,Pune,3,3
TSK0383,Maintenance,CRW0535,2024-01-25 06:17:00,2024-01-25 07:37:00,80,Ahmedabad,0,2
TSK0384,Equipment Testing,CRW0283,2024-01-14 17:00:00,2024-01-14 20:25:00,205,Bangalore,5,0
TSK0385,Cleaning,CRW0667,2024-01-27 07:39:00,2024-01-27 09:25:00,106,Jaipur,4,2
TSK0386,Maintenance,CRW0235,2024-01-16 16:01:00,2024-01-16 19:36:00,215,Mumbai,0,0
TSK0387,Cleaning,CRW0637,2024-01-04 18:19:00,2024-01-04 19:30:00,71,Chennai,4,1
TSK0388,Maintenance,CRW0493,2024-01-28 04:07:00,2024-01-28 06:10:00,123,Chennai,0,2
TSK0389,Security Check,CRW0529,2024-01-08 10:19:00,2024-01-08 12:03:00,104,Kolkata,2,2
TSK0390,Maintenance,CRW0671,2024-01-30 06:55:00,2024-01-30 09:27:00,152,Bangalore,0,3
TSK0391,Cleaning,CRW0411,2024-01-13 10:01:00,2024-01-13 10:48:00,47,Lucknow,4,1
TSK0392,Inventory Check,CRW0544,2024-01-25 16:14:00,2024-01-25 17:33:00,79,Hyderabad,6,1
TSK0393,Repair,CRW0605,2024-01-08 02:04:00,2024-01-08 04:20:00,136,Hyderabad,3,3
TSK0394,Inspection,CRW0313,2024-01-20 03:42:00,2024-01-20 05:35:00,113,Pune,1,2
TSK0395,Equipment Testing,CRW0680,2024-01-12 09:02:00,2024-01-12 10:47:00,105,Ahmedabad,5,2
TSK0396,Cleaning,CRW0564,2024-01-11 19:53:00,2024-01-11 20:30:00,37,Bangalore,4,1
TSK0397,Inventory Check,CRW0062,2024-01-02 07:59:00,2024-01-02 11:23:00,204,Chennai,6,0
TSK0398,Inventory Check,CRW0640,2024-01-31 07:32:00,2024-01-31 10:11:00,159,Ahmedabad,6,3
TSK0399,Inspection,CRW0781,2024-01-14 04:17:00,2024-01-14 05:23:00,66,Bangalore,1,1
TSK0400,Maintenance,CRW0960,2024-01-19 18:54:00,2024-01-19 21:14:00,140,Pune,0,3
TSK0401,Inspection,CRW0065,2024-01-21 13:09:00,2024-01-21 15:58:00,169,Bangalore,1,3
TSK0402,Repair,CRW0763,2024-01-07 19:44:00,2024-01-07 20:22:00,38,Hyderabad,3,1
TSK0403,Cleaning,CRW0003,2024-01-05 07:30:00,2024-01-05 09:34:00,124,Mumbai,4,2
TSK0404,Maintenance,CRW0604,2024-01-08 15:48:00,2024-01-08 19:47:00,239,Chennai,0,0
TSK0405,Maintenance,CRW0710,2024-01-08 22:37:00,2024-01-08 23:51:00,74,Chennai,0,1
TSK0406,Equipment Testing,CRW0534,2024-01-06 11:42:00,2024-01-06 12:46:00,64,Mumbai,5,1
TSK0407,Security Check,CRW0236,2024-01-13 16:42:00,2024-01-13 17:29:00,47,Mumbai,2,1
TSK0408,Repair,CRW0307,2024-01-14 17:00:00,2024-01-14 18:09:00,69,Jaipur,3,1
TSK0409,Equipment Testing,CRW0619,2024-01-27 21:28:00,2024-01-28 01:21:00,233,Chennai,5,0
TSK0410,Maintenance,CRW0329,2024-01-23 13:12:00,2024-01-23 15:14:00,122,Ahmedabad,0,2
TSK0411,Equipment Testing,CRW0322,2024-01-02 05:36:00,2024-01-02 09:29:00,233,Mumbai,5,0
TSK0412,Cleaning,CRW0876,2024-01-19 14:11:00,2024-01-19 17:40:00,209,Delhi,4,0
TSK0413,Equipment Testing,CRW0986,2024-01-20 02:52:00,2024-01-20 03:45:00,53,Bangalore,5,1
TSK0414,Maintenance,CRW0998,2024-01-08 00:59:00,2024-01-08 03:30:00,151,Chennai,0,3
TSK0415,Equipment Testing,CRW0855,2024-01-01 11:01:00,2024-01-01 13:56:00,175,Delhi,5,3
TSK0416,Repair,CRW0292,2024-01-09 09:45:00,2024-01-09 13:39:00,234,Pune,3,0
TSK0417,Security Check,CRW0148,2024-01-31 22:08:00,2024-01-31 23:35:00,87,Mumbai,2,2
TSK0418,Equipment Testing,CRW0108,2024-01-14 00:07:00,2024-01-14 01:43:00,96,Hyderabad,5,2
TSK0419,Inventory Check,CRW0300,2024-01-31 16:00:00,2024-01-31 19:09:00,189,Pune,6,3
TSK0420,Equipment Testing,CRW0031,2024-01-02 14:42:00,2024-01-02 17:46:00,184,Pune,5,3
TSK0421,Maintenance,CRW0137,2024-01-25 16:32:00,2024-01-25 19:43:00,191,Pune,0,0
TSK0422,Security Check,CRW0027,2024-01-03 10:37:00,2024-01-03 13:59:00,202,Kolkata,2,0
TSK0423,Repair,CRW0737,2024-01-07 05:10:00,2024-01-07 08:39:00,209,Ahmedabad,3,0
TSK0424,Inspection,CRW0751,2024-01-15 02:22:00,2024-01-15 05:49:00,207,Ahmedabad,1,0
TSK0425,Cleaning,CRW0537,2024-01-13 08:24:00,2024-01-13 09:53:00,89,Lucknow,4,2
TSK0426,Inspection,CRW0378,2024-01-03 13:50:00,2024-01-03 14:27:00,37,Jaipur,1,1
TSK0427,Cleaning,CRW0957,2024-01-08 13:34:00,2024-01-08 16:33:00,179,Lucknow,4,3
TSK0428,Equipment Testing,CRW0613,2024-01-26 15:11:00,2024-01-26 18:24:00,193,Delhi,5,0
TSK0429,Security Check,CRW0544,2024-01-03 14:35:00,2024-01-03 17:54:00,199,Lucknow,2,0
TSK0430,Security Check,CRW0329,2024-01-26 06:44:00,2024-01-26 07:27:00,43,Jaipur,2,1
TSK0431,Inspection,CRW0236,2024-01-04 11:02:00,2024-01-04 11:58:00,56,Delhi,1,1
TSK0432,Cleaning,CRW0191,2024-01-14 08:04:00,2024-01-14 12:00:00,236,Hyderabad,4,0
TSK0433,Maintenance,CRW0699,2024-01-08 14:09:00,2024-01-08 14:57:00,48,Mumbai,0,1
TSK0434,Repair,CRW0545,2024-01-03 19:04:00,2024-01-03 21:59:00,175,Mumbai,3,3
TSK0435,Maintenance,CRW0255,2024-01-06 06:09:00,2024-01-06 09:23:00,194,Pune,0,0
TSK0436,Inspection,CRW0600,2024-01-19 07:06:00,2024-01-19 09:34:00,148,Bangalore,1,3
TSK0437,Cleaning,CRW0820,2024-01-16 20:20:00,2024-01-16 23:33:00,193,Delhi,4,0
TSK0438,Inspection,CRW0468,2024-01-31 11:20:00,2024-01-31 15:08:00,228,Bangalore,1,0
TSK0439,Inspection,CRW0883,2024-01-01 14:54:00,2024-01-01 17:08:00,134,Ahmedabad,1,2
TSK0440,Equipment Testing,CRW0770,2024-01-27 04:59:00,2024-01-27 08:50:00,231,Kolkata,5,0
TSK0441,Maintenance,CRW0219,2024-01-06 20:07:00,2024-01-06 23:07:00,180,Lucknow,0,3
TSK0442,Inventory Check,CRW0442,2024-01-18 00:59:00,2024-01-18 03:30:00,151,Pune,6,3
TSK0443,Repair,CRW0789,2024-01-04 11:28:00,2024-01-04 13:23:00,115,Kolkata,3,2
TSK0444,Equipment Testing,CRW0103,2024-01-11 11:28:00,2024-01-11 12:30:00,62,Jaipur,5,1
TSK0445,Repair,CRW0870,2024-01-23 15:29:00,2024-01-23 18:25:00,176,Hyderabad,3,3
TSK0446,Repair,CRW0710,2024-01-10 23:17:00,2024-01-11 02:16:00,179,Bangalore,3,3
TSK0447,Inventory Check,CRW0699,2024-01-18 06:26:00,2024-01-18 09:49:00,203,Bangalore,6,0
TSK0448,Equipment Testing,CRW0211,2024-01-25 00:28:00,2024-01-25 01:56:00,88,Delhi,5,2
TSK0449,Inspection,CRW0073,2024-01-15 03:43:00,2024-01-15 07:24:00,221,Chennai,1,0
TSK0450,Maintenance,CRW0871,2024-01-18 04:45:00,2024-01-18 06:18:00,93,Kolkata,0,2
TSK0451,Inventory Check,CRW0611,2024-01-18 23:37:00,2024-01-19 03:02:00,205,Kolkata,6,0
TSK0452,Cleaning,CRW0454,2024-01-24 14:18:00,2024-01-24 15:00:00,42,Lucknow,4,1
TSK0453,Equipment Testing,CRW0904,2024-01-03 11:40:00,2024-01-03 13:16:00,96,Mumbai,5,2
TSK0454,Maintenance,CRW0909,2024-01-05 05:24:00,2024-01-05 07:34:00,130,Jaipur,0,2
TSK0455,Maintenance,CRW0248,2024-01-15 05:12:00,2024-01-15 08:39:00,207,Hyderabad,0,0
TSK0456,Security Check,CRW0513,2024-01-27 11:48:00,2024-01-27 15:08:00,200,Delhi,2,0
TSK0457,Cleaning,CRW0906,2024-01-28 16:24:00,2024-01-28 17:04:00,40,Hyderabad,4,1
TSK0458,Inspection,CRW0807,2024-01-01 21:12:00,2024-01-01 23:42:00,150,Bangalore,1,3
TSK0459,Inspection,CRW0130,2024-01-15 19:30:00,2024-01-15 23:22:00,232,Jaipur,1,0
TSK0460,Inventory Check,CRW0550,2024-01-11 19:12:00,2024-01-11 20:13:00,61,Chennai,6,1
TSK0461,Maintenance,CRW0047,2024-01-17 03:14:00,2024-01-17 06:30:00,196,Kolkata,0,0
TSK0462,Maintenance,CRW0324,2024-01-20 19:42:00,2024-01-20 23:26:00,224,Chennai,0,0
TSK0463,Equipment Testing,CRW0566,2024-01-14 01:49:00,2024-01-14 02:59:00,70,Ahmedabad,5,1
TSK0464,Inspection,CRW0892,2024-01-16 22:13:00,2024-01-16 23:11:00,58,Hyderabad,1,1
TSK0465,Security Check,CRW0838,2024-01-09 21:58:00,2024-01-10 01:02:00,184,Jaipur,2,3
TSK0466,Cleaning,CRW0580,2024-01-17 16:56:00,2024-01-17 19:54:00,178,Mumbai,4,3
TSK0467,Inventory Check,CRW0373,2024-01-08 09:54:00,2024-01-08 11:25:00,91,Hyderabad,6,2
TSK0468,Cleaning,CRW0731,2024-01-01 18:31:00,2024-01-01 21:53:00,202,Mumbai,4,0
TSK0469,Maintenance,CRW0705,2024-01-31 13:01:00,2024-01-31 13:40:00,39,Hyderabad,0,1
TSK0470,Inspection,CRW0823,2024-01-19 15:44:00,2024-01-19 16:29:00,45,Mumbai,1,1
TSK0471,Cleaning,CRW0115,2024-01-17 11:21:00,2024-01-17 12:26:00,65,Hyderabad,4,1
TSK0472,Equipment Testing,CRW0744,2024-01-15 11:05:00,2024-01-15 14:20:00,195,Lucknow,5,0
TSK0473,Cleaning,CRW0903,2024-01-13 05:45:00,2024-01-13 07:25:00,100,Kolkata,4,2
TSK0474,Inspection,CRW0663,2024-01-24 16:03:00,2024-01-24 18:29:00,146,Lucknow,1,3
TSK0475,Inspection,CRW0114,2024-01-12 07:13:00,2024-01-12 08:18:00,65,Kolkata,1,1
TSK0476,Repair,CRW0274,2024-01-18 20:24:00,2024-01-19 00:16:00,232,Bangalore,3,0
TSK0477,Inventory Check,CRW0466,2024-01-31 17:44:00,2024-01-31 19:55:00,131,Chennai,6,2
TSK0478,Repair,CRW0467,2024-01-18 03:09:00,2024-01-18 04:06:00,57,Jaipur,3,1
TSK0479,Security Check,CRW0154,2024-01-04 15:47:00,2024-01-04 19:41:00,234,Hyderabad,2,0
TSK0480,Maintenance,CRW0769,2024-01-30 13:57:00,2024-01-30 15:22:00,85,Jaipur,0,2
TSK0481,Maintenance,CRW0245,2024-01-02 04:00:00,2024-01-02 04:31:00,31,Lucknow,0,1
TSK0482,Repair,CRW0827,2024-01-01 01:25:00,2024-01-01 03:54:00,149,Ahmedabad,3,3
TSK0483,Maintenance,CRW0086,2024-01-05 17:31:00,2024-01-05 19:13:00,102,Mumbai,0,2
TSK0484,Cleaning,CRW0544,2024-01-08 14:55:00,2024-01-08 15:51:00,56,Jaipur,4,1
TSK0485,Inspection,CRW0137,2024-01-29 00:44:00,2024-01-29 02:51:00,127,Lucknow,1,2
TSK0486,Security Check,CRW0647,2024-01-10 22:43:00,2024-01-11 01:44:00,181,Hyderabad,2,3
TSK0487,Inventory Check,CRW0687,2024-01-20 23:22:00,2024-01-21 00:49:00,87,Ahmedabad,6,2
TSK0488,Security Check,CRW0163,2024-01-17 14:35:00,2024-01-17 17:07:00,152,Mumbai,2,3
TSK0489,Inventory Check,CRW0467,2024-01-26 21:49:00,2024-01-26 22:34:00,45,Pune,6,1
TSK0490,Inventory Check,CRW0812,2024-01-09 01:27:00,2024-01-09 02:08:00,41,Hyderabad,6,1
TSK0491,Cleaning,CRW0248,2024-01-15 12:21:00,2024-01-15 14:38:00,137,Mumbai,4,3
TSK0492,Maintenance,CRW0501,2024-01-17 10:27:00,2024-01-17 11:16:00,49,Chennai,0,1
TSK0493,Maintenance,CRW0846,2024-01-25 22:18:00,2024-01-25 23:14:00,56,Delhi,0,1
TSK0494,Maintenance,CRW0709,2024-01-15 08:18:00,2024-01-15 11:53:00,215,Delhi,0,0
TSK0495,Cleaning,CRW0346,2024-01-03 08:25:00,2024-01-03 09:59:00,94,Lucknow,4,2
TSK0496,Equipment Testing,CRW0372,2024-01-31 12:46:00,2024-01-31 15:43:00,177,Delhi,5,3
TSK0497,Inspection,CRW0572,2024-01-23 05:38:00,2024-01-23 06:51:00,73,Pune,1,1
TSK0498,Equipment Testing,CRW0084,2024-01-03 07:21:00,2024-01-03 08:06:00,45,Delhi,5,1
TSK0499,Repair,CRW0366,2024-01-30 10:02:00,2024-01-30 13:10:00,188,Bangalore,3,3
TSK0500,Equipment Testing,CRW0256,2024-01-14 17:09:00,2024-01-14 20:51:00,222,Ahmedabad,5,0
TSK0501,Inspection,CRW0561,2024-01-05 21:16:00,2024-01-05 21:53:00,37,Bangalore,1,1
TSK0502,Cleaning,CRW0718,2024-01-09 05:55:00,2024-01-09 09:20:00,205,Kolkata,4,0
TSK0503,Maintenance,CRW0520,2024-01-10 16:14:00,2024-01-10 18:32:00,138,Pune,0,3
TSK0504,Maintenance,CRW0212,2024-01-17 20:30:00,2024-01-17 23:07:00,157,Ahmedabad,0,3
TSK0505,Cleaning,CRW0839,2024-01-09 20:41:00,2024-01-09 23:41:00,180,Lucknow,4,3
TSK0506,Security Check,CRW0605,2024-01-13 08:07:00,2024-01-13 09:48:00,101,Jaipur,2,2
TSK0507,Maintenance,CRW0409,2024-01-04 11:16:00,2024-01-04 13:39:00,143,Kolkata,0,3
TSK0508,Inventory Check,CRW0014,2024-01-27 12:27:00,2024-01-27 14:01:00,94,Jaipur,6,2
TSK0509,Repair,CRW0468,2024-01-05 07:46:00,2024-01-05 11:12:00,206,Mumbai,3,0
TSK0510,Equipment Testing,CRW0312,2024-01-16 01:29:00,2024-01-16 05:24:00,235,Mumbai,5,0
TSK0511,Cleaning,CRW0291,2024-01-16 18:07:00,2024-01-16 21:16:00,189,Chennai,4,3
TSK0512,Maintenance,CRW0268,2024-01-08 07:44:00,2024-01-08 10:12:00,148,Delhi,0,3
TSK0513,Inspection,CRW0871,2024-01-09 18:30:00,2024-01-09 22:27:00,237,Chennai,1,0
TSK0514,Maintenance,CRW0036,2024-01-05 17:28:00,2024-01-05 21:20:00,232,Lucknow,0,0
TSK0515,Inspection,CRW0229,2024-01-04 13:52:00,2024-01-04 14:43:00,51,Kolkata,1,1
TSK0516,Repair,CRW0178,2024-01-07 17:53:00,2024-01-07 21:44:00,231,Ahmedabad,3,0
TSK0517,Repair,CRW0832,2024-01-20 03:34:00,2024-01-20 06:24:00,170,Delhi,3,3
TSK0518,Inventory Check,CRW0495,2024-01-22 16:41:00,2024-01-22 17:52:00,71,Chennai,6,1
TSK0519,Inspection,CRW0986,2024-01-29 17:16:00,2024-01-29 20:00:00,164,Delhi,1,3
TSK0520,Maintenance,CRW0777,2024-01-31 06:02:00,2024-01-31 08:13:00,131,Kolkata,0,2
TSK0521,Cleaning,CRW0006,2024-01-30 16:06:00,2024-01-30 19:23:00,197,Lucknow,4,0
TSK0522,Equipment Testing,CRW0756,2024-01-22 00:01:00,2024-01-22 02:50:00,169,Hyderabad,5,3
TSK0523,Security Check,CRW0283,2024-01-04 20:14:00,2024-01-04 22:31:00,137,Pune,2,3
TSK0524,Repair,CRW0621,2024-01-28 12:26:00,2024-01-28 14:52:00,146,Kolkata,3,3
TSK0525,Inventory Check,CRW0116,2024-01-12 05:04:00,2024-01-12 07:09:00,125,Mumbai,6,2
TSK0526,Equipment Testing,CRW0528,2024-01-23 20:56:00,2024-01-24 00:43:00,227,Bangalore,5,0
TSK0527,Inspection,CRW0280,2024-01-24 01:05:00,2024-01-24 04:24:00,199,Kolkata,1,0
TSK0528,Cleaning,CRW0302,2024-01-25 06:51:00,2024-01-25 07:35:00,44,Jaipur,4,1
TSK0529,Equipment Testing,CRW0017,2024-01-15 08:53:00,2024-01-15 10:50:00,117,Kolkata,5,2
TSK0530,Security Check,CRW0899,2024-01-06 06:23:00,2024-01-06 10:16:00,233,Chennai,2,0
TSK0531,Cleaning,CRW0758,2024-01-10 16:21:00,2024-01-10 20:12:00,231,Chennai,4,0
TSK0532,Repair,CRW0501,2024-01-29 02:47:00,2024-01-29 05:46:00,179,Lucknow,3,3
TSK0533,Inspection,CRW0190,2024-01-19 04:21:00,2024-01-19 05:13:00,52,Chennai,1,1
TSK0534,Maintenance,CRW0075,2024-01-12 16:53:00,2024-01-12 19:14:00,141,Pune,0,3
TSK0535,Maintenance,CRW0365,2024-01-04 14:33:00,2024-01-04 18:23:00,230,Hyderabad,0,0
TSK0536,Repair,CRW0099,2024-01-27 16:21:00,2024-01-27 20:15:00,234,Bangalore,3,0
TSK0537,Cleaning,CRW0302,2024-01-04 22:34:00,2024-01-05 01:26:00,172,Chennai,4,3
TSK0538,Repair,CRW0032,2024-01-29 21:02:00,2024-01-29 21:42:00,40,Hyderabad,3,1
TSK0539,Inspection,CRW0348,2024-01-19 14:34:00,2024-01-19 17:52:00,198,Ahmedabad,1,0
TSK0540,Cleaning,CRW0501,2024-01-07 08:10:00,2024-01-07 09:42:00,92,Pune,4,2
TSK0541,Security Check,CRW0905,2024-01-06 01:28:00,2024-01-06 05:10:00,222,Chennai,2,0
TSK0542,Repair,CRW0676,2024-01-16 14:00:00,2024-01-16 17:35:00,215,Lucknow,3,0
TSK0543,Cleaning,CRW0534,2024-01-04 11:14:00,2024-01-04 12:36:00,82,Ahmedabad,4,2
TSK0544,Equipment Testing,CRW0502,2024-01-16 07:41:00,2024-01-16 10:11:00,150,Pune,5,3
TSK0545,Security Check,CRW0971,2024-01-22 16:47:00,2024-01-22 20:44:00,237,Pune,2,0
TSK0546,Equipment Testing,CRW0487,2024-01-20 00:08:00,2024-01-20 02:52:00,164,Hyderabad,5,3
TSK0547,Cleaning,CRW0556,2024-01-10 21:59:00,2024-01-11 00:16:00,137,Lucknow,4,3
TSK0548,Inspection,CRW0960,2024-01-23 09:15:00,2024-01-23 10:55:00,100,Lucknow,1,2
TSK0549,Cleaning,CRW0593,2024-01-05 04:15:00,2024-01-05 06:32:00,137,Pune,4,3
TSK0550,Security Check,CRW0412,2024-01-11 11:58:00,2024-01-11 13:48:00,110,Mumbai,2,2
TSK0551,Equipment Testing,CRW0098,2024-01-21 19:50:00,2024-01-21 23:10:00,200,Jaipur,5,0
TSK0552,Security Check,CRW0383,2024-01-26 09:01:00,2024-01-26 12:00:00,179,Bangalore,2,3
TSK0553,Inventory Check,CRW0767,2024-01-03 10:43:00,2024-01-03 13:01:00,138,Bangalore,6,3
TSK0554,Cleaning,CRW0027,2024-01-24 14:47:00,2024-01-24 17:18:00,151,Kolkata,4,3
TSK0555,Security Check,CRW0310,2024-01-02 23:44:00,2024-01-03 03:24:00,220,Kolkata,2,0
TSK0556,Inventory Check,CRW0521,2024-01-20 06:27:00,2024-01-20 07:32:00,65,Lucknow,6,1
TSK0557,Repair,CRW0994,2024-01-13 01:34:00,2024-01-13 03:09:00,95,Mumbai,3,2
TSK0558,Maintenance,CRW0864,2024-01-31 08:06:00,2024-01-31 09:40:00,94,Pune,0,2
TSK0559,Inventory Check,CRW0575,2024-01-19 13:26:00,2024-01-19 13:59:00,33,Jaipur,6,1
TSK0560,Cleaning,CRW0760,2024-01-28 13:40:00,2024-01-28 16:31:00,171,Kolkata,4,3
TSK0561,Inventory Check,CRW0255,2024-01-06 22:48:00,2024-01-07 02:38:00,230,Chennai,6,0
TSK0562,Inventory Check,CRW0101,2024-01-21 04:11:00,2024-01-21 07:14:00,183,Hyderabad,6,3
TSK0563,Security Check,CRW0048,2024-01-11 07:07:00,2024-01-11 07:45:00,38,Pune,2,1
TSK0564,Inventory Check,CRW0809,2024-01-15 12:40:00,2024-01-15 14:50:00,130,Mumbai,6,2
TSK0565,Security Check,CRW0778,2024-01-30 13:44:00,2024-01-30 14:35:00,51,Ahmedabad,2,1
TSK0566,Security Check,CRW0209,2024-01-25 20:11:00,2024-01-25 20:56:00,45,Delhi,2,1
TSK0567,Repair,CRW0989,2024-01-24 08:04:00,2024-01-24 09:57:00,113,Kolkata,3,2
TSK0568,Equipment Testing,CRW0024,2024-01-15 21:43:00,2024-01-16 00:28:00,165,Delhi,5,3
TSK0569,Equipment Testing,CRW0398,2024-01-05 03:52:00,2024-01-05 06:23:00,151,Kolkata,5,3
TSK0570,Equipment Testing,CRW0732,2024-01-17 20:48:00,2024-01-17 22:52:00,124,Mumbai,5,2
TSK0571,Equipment Testing,CRW0740,2024-01-30 23:29:00,2024-01-31 02:33:00,184,Mumbai,5,3
TSK0572,Maintenance,CRW0540,2024-01-02 06:51:00,2024-01-02 09:25:00,154,Lucknow,0,3
TSK0573,Inspection,CRW0500,2024-01-11 07:06:00,2024-01-11 08:40:00,94,Lucknow,1,2
TSK0574,Repair,CRW0960,2024-01-21 10:25:00,2024-01-21 12:46:00,141,Bangalore,3,3
TSK0575,Cleaning,CRW0805,2024-01-29 12:24:00,2024-01-29 13:26:00,62,Delhi,4,1
TSK0576,Repair,CRW0419,2024-01-15 15:43:00,2024-01-15 17:28:00,105,Lucknow,3,2
TSK0577,Inventory Check,CRW0846,2024-01-11 04:21:00,2024-01-11 06:58:00,157,Pune,6,3
TSK0578,Inventory Check,CRW0622,2024-01-10 12:23:00,2024-01-10 14:10:00,107,Kolkata,6,2
TSK0579,Equipment Testing,CRW0720,2024-01-01 15:28:00,2024-01-01 16:35:00,67,Bangalore,5,1
TSK0580,Maintenance,CRW0022,2024-01-18 15:08:00,2024-01-18 16:23:00,75,Ahmedabad,0,1
TSK0581,Inventory Check,CRW0129,2024-01-19 07:30:00,2024-01-19 10:17:00,167,Jaipur,6,3
TSK0582,Equipment Testing,CRW0499,2024-01-16 04:57:00,2024-01-16 07:46:00,169,Mumbai,5,3
TSK0583,Maintenance,CRW0108,2024-01-19 10:41:00,2024-01-19 13:44:00,183,Mumbai,0,3
TSK0584,Inspection,CRW0987,2024-01-04 17:22:00,2024-01-04 18:42:00,80,Bangalore,1,2
TSK0585,Inventory Check,CRW0324,2024-01-25 20:10:00,2024-01-25 23:16:00,186,Ahmedabad,6,3
TSK0586,Cleaning,CRW0835,2024-01-27 00:24:00,2024-01-27 01:46:00,82,Lucknow,4,2
TSK0587,Inspection,CRW0804,2024-01-02 16:49:00,2024-01-02 18:51:00,122,Delhi,1,2
TSK0588,Security Check,CRW0049,2024-01-01 12:52:00,2024-01-01 16:42:00,230,Bangalore,2,0
TSK0589,Cleaning,CRW0912,2024-01-21 12:07:00,2024-01-21 14:24:00,137,Kolkata,4,3
TSK0590,Security Check,CRW0089,2024-01-04 03:10:00,2024-01-04 04:38:00,88,Delhi,2,2
TSK0591,Security Check,CRW0846,2024-01-12 06:45:00,2024-01-12 10:20:00,215,Mumbai,2,0
TSK0592,Inspection,CRW0617,2024-01-18 11:40:00,2024-01-18 14:28:00,168,Pune,1,3
TSK0593,Inventory Check,CRW0552,2024-01-08 19:05:00,2024-01-08 19:59:00,54,Mumbai,6,1
TSK0594,Inspection,CRW0766,2024-01-22 04:07:00,2024-01-22 04:40:00,33,Chennai,1,1
TSK0595,Maintenance,CRW0131,2024-01-17 01:08:00,2024-01-17 03:20:00,132,Mumbai,0,2
TSK0596,Inspection,CRW0806,2024-01-13 20:00:00,2024-01-13 23:35:00,215,Pune,1,0
TSK0597,Inventory Check,CRW0969,2024-01-06 10:42:00,2024-01-06 13:30:00,168,Mumbai,6,3
TSK0598,Cleaning,CRW0609,2024-01-17 06:24:00,2024-01-17 09:45:00,201,Chennai,4,0
TSK0599,Equipment Testing,CRW0507,2024-01-05 08:33:00,2024-01-05 10:14:00,101,Mumbai,5,2
TSK0600,Maintenance,CRW0637,2024-01-24 04:10:00,2024-01-24 07:55:00,225,Mumbai,0,0
TSK0601,Maintenance,CRW0625,2024-01-04 16:08:00,2024-01-04 20:05:00,237,Jaipur,0,0
TSK0602,Inventory Check,CRW0276,2024-01-27 10:03:00,2024-01-27 10:53:00,50,Bangalore,6,1
TSK0603,Maintenance,CRW0084,2024-01-11 21:11:00,2024-01-11 22:50:00,99,Chennai,0,2
TSK0604,Repair,CRW0268,2024-01-23 01:24:00,2024-01-23 05:10:00,226,Lucknow,3,0
TSK0605,Equipment Testing,CRW0526,2024-01-18 17:10:00,2024-01-18 19:48:00,158,Jaipur,5,3
TSK0606,Cleaning,CRW0585,2024-01-18 17:35:00,2024-01-18 19:59:00,144,Jaipur,4,3
TSK0607,Equipment Testing,CRW0539,2024-01-03 17:11:00,2024-01-03 21:11:00,240,Jaipur,5,0
TSK0608,Maintenance,CRW0876,2024-01-08 20:31:00,2024-01-08 21:18:00,47,Jaipur,0,1
TSK0609,Equipment Testing,CRW0773,2024-01-30 17:26:00,2024-01-30 18:12:00,46,Bangalore,5,1
TSK0610,Inventory Check,CRW0850,2024-01-16 16:08:00,2024-01-16 17:49:00,101,Jaipur,6,2
TSK0611,Maintenance,CRW0766,2024-01-21 07:13:00,2024-01-21 07:49:00,36,Bangalore,0,1
TSK0612,Cleaning,CRW0282,2024-01-08 17:27:00,2024-01-08 20:14:00,167,Delhi,4,3
TSK0613,Maintenance,CRW0257,2024-01-14 23:12:00,2024-01-15 02:24:00,192,Bangalore,0,0
TSK0614,Equipment Testing,CRW0396,2024-01-01 20:33:00,2024-01-01 22:22:00,109,Chennai,5,2
TSK0615,Inspection,CRW0376,2024-01-15 08:45:00,2024-01-15 11:35:00,170,Jaipur,1,3
TSK0616,Inspection,CRW0253,2024-01-25 10:58:00,2024-01-25 14:45:00,227,Bangalore,1,0
TSK0617,Equipment Testing,CRW0681,2024-01-11 23:16:00,2024-01-12 00:07:00,51,Ahmedabad,5,1
TSK0618,Repair,CRW0043,2024-01-02 01:13:00,2024-01-02 04:56:00,223,Kolkata,3,0
TSK0619,Repair,CRW0396,2024-01-26 19:51:00,2024-01-26 22:58:00,187,Jaipur,3,3
TSK0620,Cleaning,CRW0528,2024-01-13 03:08:00,2024-01-13 04:14:00,66,Hyderabad,4,1
TSK0621,Security Check,CRW0127,2024-01-07 03:07:00,2024-01-07 04:57:00,110,Mumbai,2,2
TSK0622,Inspection,CRW0205,2024-01-18 18:22:00,2024-01-18 19:23:00,61,Delhi,1,1
TSK0623,Inventory Check,CRW0705,2024-01-19 22:39:00,2024-01-19 23:55:00,76,Kolkata,6,1
TSK0624,Security Check,CRW0020,2024-01-14 06:59:00,2024-01-14 07:52:00,53,Hyderabad,2,1
TSK0625,Security Check,CRW0309,2024-01-07 10:11:00,2024-01-07 12:32:00,141,Lucknow,2,3
TSK0626,Maintenance,CRW0460,2024-01-21 06:16:00,2024-01-21 07:03:00,47,Bangalore,0,1
TSK0627,Equipment Testing,CRW0521,2024-01-08 04:22:00,2024-01-08 08:00:00,218,Bangalore,5,0
TSK0628,Maintenance,CRW0161,2024-01-26 15:06:00,2024-01-26 18:10:00,184,Ahmedabad,0,3
TSK0629,Equipment Testing,CRW0760,2024-01-30 14:32:00,2024-01-30 17:52:00,200,Pune,5,0
TSK0630,Maintenance,CRW0993,2024-01-11 05:47:00,2024-01-11 07:15:00,88,Hyderabad,0,2
TSK0631,Maintenance,CRW0803,2024-01-22 03:35:00,2024-01-22 07:19:00,224,Hyderabad,0,0
TSK0632,Inventory Check,CRW0770,2024-01-14 20:32:00,2024-01-14 23:24:00,172,Lucknow,6,3
TSK0633,Equipment Testing,CRW0088,2024-01-16 02:52:00,2024-01-16 06:40:00,228,Delhi,5,0
TSK0634,Cleaning,CRW0691,2024-01-29 11:10:00,2024-01-29 14:38:00,208,Mumbai,4,0
TSK0635,Security Check,CRW0261,2024-01-27 13:32:00,2024-01-27 15:18:00,106,Delhi,2,2
TSK0636,Inventory Check,CRW0233,2024-01-22 15:41:00,2024-01-22 16:21:00,40,Ahmedabad,6,1
TSK0637,Repair,CRW0720,2024-01-05 08:45:00,2024-01-05 12:45:00,240,Jaipur,3,0
TSK0638,Cleaning,CRW0396,2024-01-13 14:13:00,2024-01-13 16:42:00,149,Ahmedabad,4,3
TSK0639,Inspection,CRW0126,2024-01-27 21:20:00,2024-01-27 23:14:00,114,Lucknow,1,2
TSK0640,Security Check,CRW0388,2024-01-30 02:32:00,2024-01-30 03:37:00,65,Chennai,2,1
TSK0641,Inspection,CRW0920,2024-01-16 05:06:00,2024-01-16 07:36:00,150,Pune,1,3
TSK0642,Cleaning,CRW0423,2024-01-16 21:53:00,2024-01-16 22:35:00,42,Hyderabad,4,1
TSK0643,Security Check,CRW0783,2024-01-12 08:51:00,2024-01-12 11:23:00,152,Bangalore,2,3
TSK0644,Repair,CRW0912,2024-01-04 22:25:00,2024-01-05 00:31:00,126,Bangalore,3,2
TSK0645,Repair,CRW0076,2024-01-10 20:14:00,2024-01-10 23:20:00,186,Pune,3,3
TSK0646,Inventory Check,CRW0193,2024-01-17 06:24:00,2024-01-17 09:01:00,157,Jaipur,6,3
TSK0647,Security Check,CRW0270,2024-01-03 00:34:00,2024-01-03 04:22:00,228,Kolkata,2,0
TSK0648,Cleaning,CRW0129,2024-01-25 00:26:00,2024-01-25 02:09:00,103,Lucknow,4,2
TSK0649,Inventory Check,CRW0705,2024-01-11 18:21:00,2024-01-11 20:44:00,143,Pune,6,3
TSK0650,Security Check,CRW0852,2024-01-20 16:15:00,2024-01-20 18:57:00,162,Bangalore,2,3
TSK0651,Repair,CRW0803,2024-01-27 07:45:00,2024-01-27 08:19:00,34,Lucknow,3,1
TSK0652,Security Check,CRW0224,2024-01-13 08:31:00,2024-01-13 09:13:00,42,Lucknow,2,1
TSK0653,Equipment Testing,CRW0597,2024-01-23 18:18:00,2024-01-23 21:07:00,169,Chennai,5,3
TSK0654,Repair,CRW0546,2024-01-25 01:18:00,2024-01-25 02:17:00,59,Lucknow,3,1
TSK0655,Security Check,CRW0609,2024-01-04 02:29:00,2024-01-04 03:24:00,55,Lucknow,2,1
TSK0656,Maintenance,CRW0298,2024-01-29 11:37:00,2024-01-29 15:12:00,215,Kolkata,0,0
TSK0657,Security Check,CRW0638,2024-01-12 21:15:00,2024-01-13 00:26:00,191,Jaipur,2,0
TSK0658,Equipment Testing,CRW0030,2024-01-23 16:50:00,2024-01-23 19:54:00,184,Delhi,5,3
TSK0659,Repair,CRW0149,2024-01-17 21:40:00,2024-01-17 23:13:00,93,Lucknow,3,2
TSK0660,Inspection,CRW0129,2024-01-03 03:57:00,2024-01-03 06:09:00,132,Mumbai,1,2
TSK0661,Inspection,CRW0077,2024-01-16 21:21:00,2024-01-17 00:55:00,214,Delhi,1,0
TSK0662,Inspection,CRW0140,2024-01-16 16:07:00,2024-01-16 17:07:00,60,Bangalore,1,1
TSK0663,Inspection,CRW0968,2024-01-28 22:40:00,2024-01-29 01:00:00,140,Pune,1,3
TSK0664,Equipment Testing,CRW0106,2024-01-29 15:48:00,2024-01-29 18:49:00,181,Mumbai,5,3
TSK0665,Cleaning,CRW0129,2024-01-24 22:09:00,2024-01-25 01:11:00,182,Kolkata,4,3
TSK0666,Equipment Testing,CRW0367,2024-01-28 11:41:00,2024-01-28 12:41:00,60,Bangalore,5,1
TSK0667,Equipment Testing,CRW0766,2024-01-28 11:19:00,2024-01-28 13:06:00,107,Bangalore,5,2
TSK0668,Equipment Testing,CRW0999,2024-01-25 00:36:00,2024-01-25 01:14:00,38,Mumbai,5,1
TSK0669,Inspection,CRW0083,2024-01-01 03:57:00,2024-01-01 04:49:00,52,Chennai,1,1
TSK0670,Inventory Check,CRW0133,2024-01-11 16:01:00,2024-01-11 17:31:00,90,Hyderabad,6,2
TSK0671,Inspection,CRW0038,2024-01-06 22:05:00,2024-01-06 22:39:00,34,Kolkata,1,1
TSK0672,Security Check,CRW0711,2024-01-23 03:00:00,2024-01-23 05:00:00,120,Pune,2,2
TSK0673,Inventory Check,CRW0824,2024-01-13 19:51:00,2024-01-13 21:29:00,98,Hyderabad,6,2
TSK0674,Equipment Testing,CRW0943,2024-01-03 23:25:00,2024-01-04 02:16:00,171,Pune,5,3
TSK0675,Repair,CRW0796,2024-01-16 01:57:00,2024-01-16 05:07:00,190,Ahmedabad,3,0
TSK0676,Security Check,CRW0795,2024-01-28 01:52:00,2024-01-28 04:38:00,166,Lucknow,2,3
TSK0677,Repair,CRW0885,2024-01-07 22:24:00,2024-01-07 23:21:00,57,Hyderabad,3,1
TSK0678,Repair,CRW0511,2024-01-15 19:24:00,2024-01-15 22:04:00,160,Mumbai,3,3
TSK0679,Cleaning,CRW0663,2024-01-07 10:33:00,2024-01-07 13:08:00,155,Ahmedabad,4,3
TSK0680,Inventory Check,CRW0499,2024-01-17 03:20:00,2024-01-17 06:31:00,191,Chennai,6,0
TSK0681,Equipment Testing,CRW0161,2024-01-08 15:07:00,2024-01-08 18:13:00,186,Kolkata,5,3
TSK0682,Maintenance,CRW0043,2024-01-17 07:58:00,2024-01-17 10:50:00,172,Chennai,0,3
TSK0683,Repair,CRW0258,2024-01-31 01:36:00,2024-01-31 04:13:00,157,Chennai,3,3
TSK0684,Equipment Testing,CRW0075,2024-01-30 06:54:00,2024-01-30 07:55:00,61,Ahmedabad,5,1
TSK0685,Equipment Testing,CRW0072,2024-01-11 11:43:00,2024-01-11 12:19:00,36,Delhi,5,1
TSK0686,Equipment Testing,CRW0346,2024-01-22 02:17:00,2024-01-22 06:14:00,237,Jaipur,5,0
TSK0687,Inventory Check,CRW0212,2024-01-02 06:01:00,2024-01-02 08:58:00,177,Ahmedabad,6,3
TSK0688,Security Check,CRW0333,2024-01-05 00:13:00,2024-01-05 03:52:00,219,Pune,2,0
TSK0689,Inspection,CRW0863,2024-01-29 15:55:00,2024-01-29 16:37:00,42,Kolkata,1,1
TSK0690,Maintenance,CRW0867,2024-01-18 18:46:00,2024-01-18 21:15:00,149,Delhi,0,3
TSK0691,Equipment Testing,CRW0474,2024-01-07 12:48:00,2024-01-07 15:47:00,179,Mumbai,5,3
TSK0692,Maintenance,CRW0042,2024-01-04 05:36:00,2024-01-04 09:21:00,225,Kolkata,0,0
TSK0693,Repair,CRW0487,2024-01-11 18:48:00,2024-01-11 22:16:00,208,Hyderabad,3,0
TSK0694,Maintenance,CRW0671,2024-01-04 18:39:00,2024-01-04 20:49:00,130,Lucknow,0,2
TSK0695,Inventory Check,CRW0374,2024-01-30 05:02:00,2024-01-30 07:31:00,149,Bangalore,6,3
TSK0696,Maintenance,CRW0069,2024-01-29 12:33:00,2024-01-29 15:03:00,150,Mumbai,0,3
TSK0697,Maintenance,CRW0954,2024-01-15 09:24:00,2024-01-15 11:49:00,145,Hyderabad,0,3
TSK0698,Maintenance,CRW0976,2024-01-23 02:28:00,2024-01-23 04:58:00,150,Chennai,0,3
TSK0699,Maintenance,CRW0493,2024-01-16 17:06:00,2024-01-16 18:36:00,90,Kolkata,0,2
TSK0700,Maintenance,CRW0981,2024-01-09 18:48:00,2024-01-09 22:01:00,193,Chennai,0,0
TSK0701,Equipment Testing,CRW0423,2024-01-03 02:09:00,2024-01-03 05:05:00,176,Kolkata,5,3
TSK0702,Inspection,CRW0743,2024-01-14 14:50:00,2024-01-14 18:22:00,212,Ahmedabad,1,0
TSK0703,Repair,CRW0342,2024-01-09 07:54:00,2024-01-09 10:00:00,126,Mumbai,3,2
TSK0704,Inventory Check,CRW0100,2024-01-02 14:32:00,2024-01-02 17:48:00,196,Pune,6,0
TSK0705,Maintenance,CRW0670,2024-01-20 17:00:00,2024-01-20 19:42:00,162,Lucknow,0,3
TSK0706,Security Check,CRW0817,2024-01-02 12:34:00,2024-01-02 13:20:00,46,Bangalore,2,1
TSK0707,Security Check,CRW0049,2024-01-26 10:44:00,2024-01-26 13:43:00,179,Chennai,2,3
TSK0708,Maintenance,CRW0389,2024-01-27 20:22:00,2024-01-27 23:05:00,163,Lucknow,0,3
TSK0709,Repair,CRW0024,2024-01-21 18:20:00,2024-01-21 20:09:00,109,Jaipur,3,2
TSK0710,Maintenance,CRW0460,2024-01-10 22:45:00,2024-01-11 02:11:00,206,Bangalore,0,0
TSK0711,Inspection,CRW0719,2024-01-26 10:23:00,2024-01-26 13:10:00,167,Delhi,1,3
TSK0712,Repair,CRW0856,2024-01-25 05:13:00,2024-01-25 08:09:00,176,Jaipur,3,3
TSK0713,Inventory Check,CRW0575,2024-01-22 10:52:00,2024-01-22 11:59:00,67,Bangalore,6,1
TSK0714,Maintenance,CRW0196,2024-01-05 03:13:00,2024-01-05 06:39:00,206,Ahmedabad,0,0
TSK0715,Inventory Check,CRW0368,2024-01-15 12:44:00,2024-01-15 16:16:00,212,Delhi,6,0
TSK0716,Inventory Check,CRW0567,2024-01-09 22:52:00,2024-01-10 01:16:00,144,Chennai,6,3
TSK0717,Maintenance,CRW0909,2024-01-28 08:27:00,2024-01-28 11:20:00,173,Chennai,0,3
TSK0718,Repair,CRW0031,2024-01-31 23:40:00,2024-02-01 02:45:00,185,Chennai,3,3
TSK0719,Repair,CRW0885,2024-01-18 16:12:00,2024-01-18 19:59:00,227,Delhi,3,0
TSK0720,Cleaning,CRW0167,2024-01-29 22:43:00,2024-01-30 01:26:00,163,Kolkata,4,3
TSK0721,Repair,CRW0084,2024-01-25 12:43:00,2024-01-25 16:34:00,231,Lucknow,3,0
TSK0722,Cleaning,CRW0483,2024-01-07 20:31:00,2024-01-07 21:52:00,81,Kolkata,4,2
TSK0723,Maintenance,CRW0680,2024-01-03 18:21:00,2024-01-03 21:12:00,171,Delhi,0,3
TSK0724,Equipment Testing,CRW0230,2024-01-29 23:32:00,2024-01-30 02:16:00,164,Pune,5,3
TSK0725,Inventory Check,CRW0161,2024-01-26 01:11:00,2024-01-26 02:50:00,99,Delhi,6,2
TSK0726,Repair,CRW0256,2024-01-12 17:15:00,2024-01-12 19:22:00,127,Chennai,3,2
TSK0727,Inventory Check,CRW0813,2024-01-11 20:02:00,2024-01-11 23:28:00,206,Chennai,6,0
TSK0728,Maintenance,CRW0098,2024-01-04 21:01:00,2024-01-05 00:16:00,195,Jaipur,0,0
TSK0729,Cleaning,CRW0897,2024-01-31 16:30:00,2024-01-31 19:25:00,175,Jaipur,4,3
TSK0730,Inspection,CRW0306,2024-01-15 15:32:00,2024-01-15 17:06:00,94,Kolkata,1,2
TSK0731,Maintenance,CRW0179,2024-01-08 10:56:00,2024-01-08 13:00:00,124,Kolkata,0,2
TSK0732,Inventory Check,CRW0071,2024-01-08 10:42:00,2024-01-08 12:47:00,125,Mumbai,6,2
TSK0733,Cleaning,CRW0834,2024-01-20 02:57:00,2024-01-20 03:44:00,47,Hyderabad,4,1
TSK0734,Repair,CRW0026,2024-01-18 03:59:00,2024-01-18 06:06:00,127,Ahmedabad,3,2
TSK0735,Equipment Testing,CRW0345,2024-01-27 20:21:00,2024-01-27 22:58:00,157,Kolkata,5,3
TSK0736,Inventory Check,CRW0422,2024-01-26 07:53:00,2024-01-26 08:26:00,33,Delhi,6,1
TSK0737,Security Check,CRW0339,2024-01-17 03:58:00,2024-01-17 05:45:00,107,Mumbai,2,2
TSK0738,Repair,CRW0549,2024-01-07 23:44:00,2024-01-08 02:27:00,163,Delhi,3,3
TSK0739,Cleaning,CRW0175,2024-01-28 05:04:00,2024-01-28 07:37:00,153,Delhi,4,3
TSK0740,Maintenance,CRW0973,2024-01-13 20:22:00,2024-01-13 23:56:00,214,Pune,0,0
TSK0741,Equipment Testing,CRW0560,2024-01-01 08:07:00,2024-01-01 08:47:00,40,Ahmedabad,5,1
TSK0742,Equipment Testing,CRW0096,2024-01-30 18:53:00,2024-01-30 19:56:00,63,Hyderabad,5,1
TSK0743,Maintenance,CRW0727,2024-01-18 03:08:00,2024-01-18 03:56:00,48,Kolkata,0,1
TSK0744,Inspection,CRW0680,2024-01-01 04:22:00,2024-01-01 04:53:00,31,Ahmedabad,1,1
TSK0745,Security Check,CRW0837,2024-01-31 21:00:00,2024-01-31 21:35:00,35,Delhi,2,1
TSK0746,Equipment Testing,CRW0110,2024-01-24 09:46:00,2024-01-24 11:58:00,132,Mumbai,5,2
TSK0747,Repair,CRW0375,2024-01-23 12:16:00,2024-01-23 12:48:00,32,Delhi,3,1
TSK0748,Inspection,CRW0939,2024-01-08 00:00:00,2024-01-08 00:32:00,32,Kolkata,1,1
TSK0749,Repair,CRW0922,2024-01-09 01:48:00,2024-01-09 04:47:00,179,Ahmedabad,3,3
TSK0750,Maintenance,CRW0079,2024-01-05 04:27:00,2024-01-05 07:14:00,167,Ahmedabad,0,3
TSK0751,Repair,CRW0584,2024-01-16 21:51:00,2024-01-16 23:59:00,128,Kolkata,3,2
TSK0752,Security Check,CRW0719,2024-01-12 19:33:00,2024-01-12 23:26:00,233,Ahmedabad,2,0
TSK0753,Inspection,CRW0894,2024-01-12 02:15:00,2024-01-12 05:41:00,206,Ahmedabad,1,0
TSK0754,Repair,CRW0825,2024-01-05 16:13:00,2024-01-05 17:19:00,66,Mumbai,3,1
TSK0755,Inventory Check,CRW0731,2024-01-27 09:20:00,2024-01-27 11:54:00,154,Hyderabad,6,3
TSK0756,Security Check,CRW0811,2024-01-09 18:41:00,2024-01-09 21:41:00,180,Pune,2,3
TSK0757,Maintenance,CRW0433,2024-01-10 19:02:00,2024-01-10 21:28:00,146,Ahmedabad,0,3
TSK0758,Inventory Check,CRW0659,2024-01-05 07:05:00,2024-01-05 10:10:00,185,Chennai,6,3
TSK0759,Inventory Check,CRW0844,2024-01-26 05:35:00,2024-01-26 06:47:00,72,Ahmedabad,6,1
TSK0760,Maintenance,CRW0503,2024-01-22 19:16:00,2024-01-22 20:41:00,85,Jaipur,0,2
TSK0761,Repair,CRW0930,2024-01-17 21:21:00,2024-01-17 23:23:00,122,Bangalore,3,2
TSK0762,Inspection,CRW0326,2024-01-30 16:45:00,2024-01-30 18:35:00,110,Chennai,1,2
TSK0763,Inventory Check,CRW0628,2024-01-20 07:00:00,2024-01-20 08:23:00,83,Mumbai,6,2
TSK0764,Cleaning,CRW0297,2024-01-07 13:37:00,2024-01-07 16:52:00,195,Pune,4,0
TSK0765,Inventory Check,CRW0892,2024-01-22 20:40:00,2024-01-22 22:59:00,139,Ahmedabad,6,3
TSK0766,Equipment Testing,CRW0694,2024-01-01 01:46:00,2024-01-01 03:10:00,84,Chennai,5,2
TSK0767,Repair,CRW0704,2024-01-08 11:34:00,2024-01-08 12:15:00,41,Hyderabad,3,1
TSK0768,Security Check,CRW0825,2024-01-23 14:39:00,2024-01-23 16:04:00,85,Pune,2,2
TSK0769,Repair,CRW0758,2024-01-22 10:42:00,2024-01-22 12:05:00,83,Pune,3,2
TSK0770,Cleaning,CRW0726,2024-01-31 04:09:00,2024-01-31 07:24:00,195,Mumbai,4,0
TSK0771,Equipment Testing,CRW0948,2024-01-13 00:44:00,2024-01-13 02:40:00,116,Lucknow,5,2
TSK0772,Equipment Testing,CRW0655,2024-01-16 18:06:00,2024-01-16 20:19:00,133,Bangalore,5,2
TSK0773,Inspection,CRW0514,2024-01-03 18:31:00,2024-01-03 19:12:00,41,Delhi,1,1
TSK0774,Repair,CRW0399,2024-01-11 14:52:00,2024-01-11 15:32:00,40,Pune,3,1
TSK0775,Inspection,CRW0446,2024-01-13 14:37:00,2024-01-13 17:26:00,169,Lucknow,1,3
TSK0776,Inspection,CRW0150,2024-01-22 10:04:00,2024-01-22 13:20:00,196,Hyderabad,1,0
TSK0777,Inspection,CRW0525,2024-01-30 11:47:00,2024-01-30 15:17:00,210,Kolkata,1,0
TSK0778,Inventory Check,CRW0290,2024-01-03 12:45:00,2024-01-03 14:17:00,92,Hyderabad,6,2
TSK0779,Repair,CRW0597,2024-01-25 13:51:00,2024-01-25 17:19:00,208,Chennai,3,0
TSK0780,Security Check,CRW0286,2024-01-06 14:53:00,2024-01-06 15:37:00,44,Bangalore,2,1
TSK0781,Repair,CRW0973,2024-01-20 21:26:00,2024-01-20 22:55:00,89,Jaipur,3,2
TSK0782,Inventory Check,CRW0783,2024-01-27 07:05:00,2024-01-27 07:52:00,47,Ahmedabad,6,1
TSK0783,Maintenance,CRW0590,2024-01-08 20:51:00,2024-01-08 22:07:00,76,Ahmedabad,0,1
TSK0784,Security Check,CRW0307,2024-01-09 17:26:00,2024-01-09 19:05:00,99,Ahmedabad,2,2
TSK0785,Repair,CRW0974,2024-01-27 19:32:00,2024-01-27 22:56:00,204,Ahmedabad,3,0
TSK0786,Inventory Check,CRW0239,2024-01-01 21:06:00,2024-01-02 00:17:00,191,Lucknow,6,0
TSK0787,Repair,CRW0244,2024-01-07 11:56:00,2024-01-07 15:47:00,231,Mumbai,3,0
TSK0788,Security Check,CRW0095,2024-01-27 02:04:00,2024-01-27 04:58:00,174,Hyderabad,2,3
TSK0789,Equipment Testing,CRW0731,2024-01-26 02:37:00,2024-01-26 03:22:00,45,Lucknow,5,1
TSK0790,Inventory Check,CRW0681,2024-01-02 06:30:00,2024-01-02 07:18:00,48,Hyderabad,6,1
TSK0791,Equipment Testing,CRW0233,2024-01-20 07:08:00,2024-01-20 08:08:00,60,Delhi,5,1
TSK0792,Inventory Check,CRW0606,2024-01-02 19:26:00,2024-01-02 20:49:00,83,Ahmedabad,6,2
TSK0793,Inventory Check,CRW0191,2024-01-16 13:38:00,2024-01-16 16:27:00,169,Ahmedabad,6,3
TSK0794,Inspection,CRW0920,2024-01-26 15:48:00,2024-01-26 19:40:00,232,Kolkata,1,0
TSK0795,Maintenance,CRW0527,2024-01-28 04:51:00,2024-01-28 05:30:00,39,Pune,0,1
TSK0796,Equipment Testing,CRW0880,2024-01-02 12:49:00,2024-01-02 13:57:00,68,Chennai,5,1
TSK0797,Equipment Testing,CRW0432,2024-01-21 15:51:00,2024-01-21 18:12:00,141,Lucknow,5,3
TSK0798,Maintenance,CRW0264,2024-01-25 00:56:00,2024-01-25 03:44:00,168,Ahmedabad,0,3
TSK0799,Cleaning,CRW0003,2024-01-24 09:37:00,2024-01-24 13:29:00,232,Pune,4,0
TSK0800,Inventory Check,CRW0980,2024-01-31 06:27:00,2024-01-31 08:14:00,107,Mumbai,6,2
TSK0801,Cleaning,CRW0915,2024-01-05 15:53:00,2024-01-05 17:19:00,86,Lucknow,4,2
TSK0802,Inspection,CRW0255,2024-01-10 17:38:00,2024-01-10 19:48:00,130,Pune,1,2
TSK0803,Inspection,CRW0259,2024-01-30 03:43:00,2024-01-30 06:28:00,165,Chennai,1,3
TSK0804,Equipment Testing,CRW0953,2024-01-15 00:06:00,2024-01-15 04:04:00,238,Jaipur,5,0
TSK0805,Inspection,CRW0915,2024-01-10 17:56:00,2024-01-10 20:49:00,173,Jaipur,1,3
TSK0806,Repair,CRW0099,2024-01-01 05:38:00,2024-01-01 08:58:00,200,Bangalore,3,0
TSK0807,Cleaning,CRW0116,2024-01-17 12:59:00,2024-01-17 16:25:00,206,Ahmedabad,4,0
TSK0808,Inventory Check,CRW0488,2024-01-22 12:24:00,2024-01-22 15:53:00,209,Lucknow,6,0
TSK0809,Inventory Check,CRW0062,2024-01-18 05:05:00,2024-01-18 07:27:00,142,Pune,6,3
TSK0810,Cleaning,CRW0090,2024-01-24 04:33:00,2024-01-24 08:29:00,236,Mumbai,4,0
TSK0811,Repair,CRW0330,2024-01-14 23:26:00,2024-01-15 01:21:00,115,Ahmedabad,3,2
TSK0812,Maintenance,CRW0641,2024-01-02 16:51:00,2024-01-02 18:24:00,93,Lucknow,0,2
TSK0813,Inspection,CRW0893,2024-01-27 22:12:00,2024-01-28 00:52:00,160,Chennai,1,3
TSK0814,Inventory Check,CRW0254,2024-01-10 14:24:00,2024-01-10 18:12:00,228,Jaipur,6,0
TSK0815,Maintenance,CRW0374,2024-01-20 22:33:00,2024-01-21 01:45:00,192,Kolkata,0,0
TSK0816,Cleaning,CRW0653,2024-01-22 03:31:00,2024-01-22 05:04:00,93,Pune,4,2
TSK0817,Inspection,CRW0277,2024-01-09 20:45:00,2024-01-09 21:22:00,37,Bangalore,1,1
TSK0818,Inventory Check,CRW0580,2024-01-08 11:53:00,2024-01-08 13:03:00,70,Pune,6,1
TSK0819,Maintenance,CRW0034,2024-01-05 17:22:00,2024-01-05 20:22:00,180,Hyderabad,0,3
TSK0820,Equipment Testing,CRW0637,2024-01-01 12:47:00,2024-01-01 15:17:00,150,Jaipur,5,3
TSK0821,Security Check,CRW0353,2024-01-09 01:58:00,2024-01-09 02:28:00,30,Ahmedabad,2,1
TSK0822,Cleaning,CRW0210,2024-01-16 00:22:00,2024-01-16 03:40:00,198,Mumbai,4,0
TSK0823,Equipment Testing,CRW0596,2024-01-25 08:59:00,2024-01-25 12:08:00,189,Chennai,5,3
TSK0824,Security Check,CRW0892,2024-01-08 21:37:00,2024-01-09 01:17:00,220,Bangalore,2,0
TSK0825,Repair,CRW0984,2024-01-21 19:16:00,2024-01-21 21:34:00,138,Jaipur,3,3
TSK0826,Equipment Testing,CRW0167,2024-01-07 02:33:00,2024-01-07 04:15:00,102,Lucknow,5,2
TSK0827,Repair,CRW0678,2024-01-06 03:51:00,2024-01-06 05:00:00,69,Kolkata,3,1
TSK0828,Cleaning,CRW0132,2024-01-10 08:03:00,2024-01-10 11:24:00,201,Pune,4,0
TSK0829,Inventory Check,CRW0885,2024-01-31 23:15:00,2024-02-01 01:38:00,143,Kolkata,6,3
TSK0830,Repair,CRW0285,2024-01-25 18:01:00,2024-01-25 20:26:00,145,Kolkata,3,3
TSK0831,Equipment Testing,CRW0932,2024-01-15 02:52:00,2024-01-15 04:38:00,106,Chennai,5,2
TSK0832,Repair,CRW0166,2024-01-24 22:20:00,2024-01-24 23:42:00,82,Bangalore,3,2
TSK0833,Security Check,CRW0052,2024-01-16 06:55:00,2024-01-16 09:16:00,141,Bangalore,2,3
TSK0834,Inspection,CRW0006,2024-01-16 07:52:00,2024-01-16 10:09:00,137,Kolkata,1,3
TSK0835,Security Check,CRW0527,2024-01-22 08:14:00,2024-01-22 11:35:00,201,Kolkata,2,0
TSK0836,Inventory Check,CRW0641,2024-01-21 22:58:00,2024-01-22 00:03:00,65,Kolkata,6,1
TSK0837,Equipment Testing,CRW0934,2024-01-29 01:52:00,2024-01-29 02:32:00,40,Ahmedabad,5,1
TSK0838,Equipment Testing,CRW0966,2024-01-30 20:37:00,2024-01-30 23:38:00,181,Jaipur,5,3
TSK0839,Inspection,CRW0454,2024-01-02 06:17:00,2024-01-02 09:49:00,212,Bangalore,1,0
TSK0840,Maintenance,CRW0669,2024-01-15 15:44:00,2024-01-15 16:46:00,62,Bangalore,0,1
TSK0841,Maintenance,CRW0277,2024-01-02 00:56:00,2024-01-02 03:36:00,160,Mumbai,0,3
TSK0842,Equipment Testing,CRW0509,2024-01-23 04:24:00,2024-01-23 08:05:00,221,Chennai,5,0
TSK0843,Cleaning,CRW0898,2024-01-24 08:47:00,2024-01-24 10:20:00,93,Hyderabad,4,2
TSK0844,Inventory Check,CRW0394,2024-01-06 09:15:00,2024-01-06 11:28:00,133,Jaipur,6,2
TSK0845,Inspection,CRW0299,2024-01-01 05:08:00,2024-01-01 07:41:00,153,Chennai,1,3
TSK0846,Inventory Check,CRW0753,2024-01-14 06:50:00,2024-01-14 09:27:00,157,Hyderabad,6,3
TSK0847,Repair,CRW0138,2024-01-03 01:20:00,2024-01-03 02:45:00,85,Kolkata,3,2
TSK0848,Inspection,CRW0607,2024-01-11 11:05:00,2024-01-11 11:51:00,46,Lucknow,1,1
TSK0849,Repair,CRW0092,2024-01-23 23:45:00,2024-01-24 00:36:00,51,Mumbai,3,1
TSK0850,Security Check,CRW0436,2024-01-21 02:55:00,2024-01-21 03:31:00,36,Hyderabad,2,1
TSK0851,Equipment Testing,CRW0458,2024-01-29 16:35:00,2024-01-29 19:19:00,164,Mumbai,5,3
TSK0852,Cleaning,CRW0536,2024-01-21 01:15:00,2024-01-21 03:29:00,134,Hyderabad,4,2
TSK0853,Inventory Check,CRW0681,2024-01-16 00:12:00,2024-01-16 02:23:00,131,Mumbai,6,2
TSK0854,Inspection,CRW0488,2024-01-24 14:01:00,2024-01-24 17:22:00,201,Mumbai,1,0
TSK0855,Inspection,CRW0785,2024-01-29 14:46:00,2024-01-29 15:16:00,30,Ahmedabad,1,1
TSK0856,Equipment Testing,CRW0351,2024-01-01 05:54:00,2024-01-01 08:48:00,174,Pune,5,3
TSK0857,Maintenance,CRW0377,2024-01-13 09:09:00,2024-01-13 11:25:00,136,Ahmedabad,0,3
TSK0858,Inventory Check,CRW0497,2024-01-27 18:43:00,2024-01-27 20:18:00,95,Lucknow,6,2
TSK0859,Security Check,CRW0562,2024-01-13 14:40:00,2024-01-13 16:45:00,125,Pune,2,2
TSK0860,Repair,CRW0609,2024-01-17 18:40:00,2024-01-17 21:48:00,188,Mumbai,3,3
TSK0861,Security Check,CRW0555,2024-01-17 05:56:00,2024-01-17 09:19:00,203,Jaipur,2,0
TSK0862,Inspection,CRW0215,2024-01-15 11:05:00,2024-01-15 14:06:00,181,Pune,1,3
TSK0863,Inspection,CRW0937,2024-01-24 04:14:00,2024-01-24 05:35:00,81,Kolkata,1,2
TSK0864,Equipment Testing,CRW0578,2024-01-29 08:40:00,2024-01-29 09:18:00,38,Mumbai,5,1
TSK0865,Security Check,CRW0376,2024-01-26 03:12:00,2024-01-26 04:59:00,107,Pune,2,2
TSK0866,Security Check,CRW0960,2024-01-29 11:19:00,2024-01-29 13:20:00,121,Delhi,2,2
TSK0867,Security Check,CRW0833,2024-01-11 11:29:00,2024-01-11 14:55:00,206,Delhi,2,0
TSK0868,Equipment Testing,CRW0867,2024-01-11 11:05:00,2024-01-11 13:50:00,165,Chennai,5,3
TSK0869,Inventory Check,CRW0745,2024-01-30 15:16:00,2024-01-30 16:44:00,88,Chennai,6,2
TSK0870,Maintenance,CRW0380,2024-01-12 11:10:00,2024-01-12 12:32:00,82,Mumbai,0,2
TSK0871,Inventory Check,CRW0463,2024-01-01 15:40:00,2024-01-01 18:02:00,142,Hyderabad,6,3
TSK0872,Repair,CRW0168,2024-01-19 00:40:00,2024-01-19 03:41:00,181,Jaipur,3,3
TSK0873,Repair,CRW0270,2024-01-08 04:48:00,2024-01-08 05:34:00,46,Lucknow,3,1
TSK0874,Inventory Check,CRW0810,2024-01-29 09:45:00,2024-01-29 11:15:00,90,Chennai,6,2
TSK0875,Equipment Testing,CRW0211,2024-01-13 02:08:00,2024-01-13 04:38:00,150,Hyderabad,5,3
TSK0876,Cleaning,CRW0020,2024-01-19 05:52:00,2024-01-19 07:10:00,78,Mumbai,4,1
TSK0877,Cleaning,CRW0306,2024-01-29 09:46:00,2024-01-29 11:35:00,109,Hyderabad,4,2
TSK0878,Inventory Check,CRW0880,2024-01-08 19:40:00,2024-01-08 23:09:00,209,Kolkata,6,0
TSK0879,Repair,CRW0723,2024-01-12 23:31:00,2024-01-13 00:18:00,47,Mumbai,3,1
TSK0880,Maintenance,CRW0315,2024-01-13 01:24:00,2024-01-13 04:34:00,190,Bangalore,0,0
TSK0881,Cleaning,CRW0646,2024-01-25 02:12:00,2024-01-25 03:48:00,96,Delhi,4,2
TSK0882,Security Check,CRW0307,2024-01-30 23:13:00,2024-01-30 23:52:00,39,Mumbai,2,1
TSK0883,Cleaning,CRW0636,2024-01-23 20:02:00,2024-01-23 21:16:00,74,Jaipur,4,1
TSK0884,Maintenance,CRW0065,2024-01-04 07:44:00,2024-01-04 09:05:00,81,Ahmedabad,0,2
TSK0885,Maintenance,CRW0289,2024-01-22 10:27:00,2024-01-22 11:05:00,38,Mumbai,0,1
TSK0886,Inspection,CRW0071,2024-01-21 12:21:00,2024-01-21 13:59:00,98,Ahmedabad,1,2
TSK0887,Maintenance,CRW0743,2024-01-08 23:53:00,2024-01-09 00:24:00,31,Bangalore,0,1
TSK0888,Maintenance,CRW0246,2024-01-31 06:28:00,2024-01-31 09:28:00,180,Pune,0,3
TSK0889,Cleaning,CRW0401,2024-01-25 03:26:00,2024-01-25 04:42:00,76,Mumbai,4,1
TSK0890,Security Check,CRW0931,2024-01-24 06:18:00,2024-01-24 07:10:00,52,Lucknow,2,1
TSK0891,Security Check,CRW0612,2024-01-31 22:02:00,2024-01-31 23:00:00,58,Chennai,2,1
TSK0892,Inventory Check,CRW0721,2024-01-13 01:05:00,2024-01-13 04:35:00,210,Ahmedabad,6,0
TSK0893,Equipment Testing,CRW0621,2024-01-29 14:45:00,2024-01-29 16:38:00,113,Ahmedabad,5,2
TSK0894,Inspection,CRW0468,2024-01-23 14:18:00,2024-01-23 17:50:00,212,Kolkata,1,0
TSK0895,Security Check,CRW0938,2024-01-21 17:21:00,2024-01-21 20:34:00,193,Kolkata,2,0
TSK0896,Equipment Testing,CRW0860,2024-01-18 14:05:00,2024-01-18 16:13:00,128,Bangalore,5,2
TSK0897,Cleaning,CRW0407,2024-01-18 05:03:00,2024-01-18 07:13:00,130,Ahmedabad,4,2
TSK0898,Maintenance,CRW0440,2024-01-20 01:28:00,2024-01-20 02:50:00,82,Mumbai,0,2
TSK0899,Maintenance,CRW0984,2024-01-22 19:28:00,2024-01-22 22:53:00,205,Bangalore,0,0
TSK0900,Cleaning,CRW0206,2024-01-23 12:46:00,2024-01-23 13:48:00,62,Ahmedabad,4,1
TSK0901,Maintenance,CRW0973,2024-01-06 14:32:00,2024-01-06 18:21:00,229,Chennai,0,0
TSK0902,Inventory Check,CRW0069,2024-01-13 03:50:00,2024-01-13 06:19:00,149,Delhi,6,3
TSK0903,Maintenance,CRW0776,2024-01-26 11:01:00,2024-01-26 12:31:00,90,Ahmedabad,0,2
TSK0904,Repair,CRW0495,2024-01-26 10:52:00,2024-01-26 12:19:00,87,Pune,3,2
TSK0905,Equipment Testing,CRW0254,2024-01-03 20:07:00,2024-01-03 20:45:00,38,Mumbai,5,1
TSK0906,Equipment Testing,CRW0549,2024-01-24 10:48:00,2024-01-24 12:24:00,96,Bangalore,5,2
TSK0907,Equipment Testing,CRW0005,2024-01-12 02:31:00,2024-01-12 05:09:00,158,Delhi,5,3
TSK0908,Security Check,CRW0482,2024-01-13 05:57:00,2024-01-13 08:41:00,164,Pune,2,3
TSK0909,Repair,CRW0259,2024-01-06 13:27:00,2024-01-06 14:21:00,54,Bangalore,3,1
TSK0910,Equipment Testing,CRW0071,2024-01-31 20:16:00,2024-01-31 23:47:00,211,Hyderabad,5,0
TSK0911,Cleaning,CRW0604,2024-01-13 10:29:00,2024-01-13 11:55:00,86,Lucknow,4,2
TSK0912,Inspection,CRW0239,2024-01-08 12:04:00,2024-01-08 13:07:00,63,Hyderabad,1,1
TSK0913,Inspection,CRW0688,2024-01-12 21:53:00,2024-01-13 01:44:00,231,Hyderabad,1,0
TSK0914,Cleaning,CRW0644,2024-01-29 07:00:00,2024-01-29 10:25:00,205,Mumbai,4,0
TSK0915,Inventory Check,CRW0696,2024-01-23 23:03:00,2024-01-24 00:40:00,97,Hyderabad,6,2
TSK0916,Inspection,CRW0116,2024-01-14 09:03:00,2024-01-14 12:46:00,223,Bangalore,1,0
TSK0917,Equipment Testing,CRW0523,2024-01-01 04:34:00,2024-01-01 08:09:00,215,Bangalore,5,0
TSK0918,Maintenance,CRW0313,2024-01-07 01:48:00,2024-01-07 03:50:00,122,Ahmedabad,0,2
TSK0919,Inspection,CRW0341,2024-01-17 08:59:00,2024-01-17 11:11:00,132,Mumbai,1,2
TSK0920,Cleaning,CRW0027,2024-01-16 05:45:00,2024-01-16 09:19:00,214,Delhi,4,0
TSK0921,Inspection,CRW0878,2024-01-15 07:54:00,2024-01-15 10:44:00,170,Ahmedabad,1,3
TSK0922,Equipment Testing,CRW0699,2024-01-22 22:38:00,2024-01-23 02:03:00,205,Hyderabad,5,0
TSK0923,Inventory Check,CRW0663,2024-01-11 00:31:00,2024-01-11 01:33:00,62,Jaipur,6,1
TSK0924,Repair,CRW0017,2024-01-26 22:06:00,2024-01-27 01:50:00,224,Ahmedabad,3,0
TSK0925,Inventory Check,CRW0022,2024-01-31 17:03:00,2024-01-31 20:04:00,181,Ahmedabad,6,3
TSK0926,Inventory Check,CRW0093,2024-01-29 08:17:00,2024-01-29 10:41:00,144,Jaipur,6,3
TSK0927,Maintenance,CRW0832,2024-01-05 15:49:00,2024-01-05 17:29:00,100,Delhi,0,2
TSK0928,Equipment Testing,CRW0205,2024-01-07 10:43:00,2024-01-07 13:29:00,166,Lucknow,5,3
TSK0929,Inspection,CRW0581,2024-01-31 21:32:00,2024-01-31 22:26:00,54,Kolkata,1,1
TSK0930,Inspection,CRW0808,2024-01-16 02:12:00,2024-01-16 03:25:00,73,Jaipur,1,1
TSK0931,Inspection,CRW0008,2024-01-02 12:15:00,2024-01-02 15:55:00,220,Hyderabad,1,0
TSK0932,Maintenance,CRW0047,2024-01-24 19:12:00,2024-01-24 21:41:00,149,Bangalore,0,3
TSK0933,Security Check,CRW0736,2024-01-08 05:18:00,2024-01-08 08:04:00,166,Ahmedabad,2,3
TSK0934,Inspection,CRW0112,2024-01-03 17:57:00,2024-01-03 19:16:00,79,Bangalore,1,1
TSK0935,Inventory Check,CRW0626,2024-01-31 11:15:00,2024-01-31 12:20:00,65,Mumbai,6,1
TSK0936,Repair,CRW0579,2024-01-23 00:36:00,2024-01-23 04:16:00,220,Bangalore,3,0
TSK0937,Security Check,CRW0255,2024-01-04 23:56:00,2024-01-05 01:45:00,109,Jaipur,2,2
TSK0938,Inventory Check,CRW0943,2024-01-14 08:38:00,2024-01-14 10:30:00,112,Lucknow,6,2
TSK0939,Inventory Check,CRW0701,2024-01-04 05:24:00,2024-01-04 08:26:00,182,Delhi,6,3
TSK0940,Repair,CRW0163,2024-01-05 20:40:00,2024-01-05 21:59:00,79,Delhi,3,1
TSK0941,Repair,CRW0168,2024-01-11 20:49:00,2024-01-11 23:15:00,146,Pune,3,3
TSK0942,Inventory Check,CRW0815,2024-01-21 17:58:00,2024-01-21 18:32:00,34,Pune,6,1
TSK0943,Equipment Testing,CRW0070,2024-01-17 11:04:00,2024-01-17 12:41:00,97,Mumbai,5,2
TSK0944,Inspection,CRW0579,2024-01-14 00:50:00,2024-01-14 02:25:00,95,Jaipur,1,2
TSK0945,Inspection,CRW0605,2024-01-28 18:57:00,2024-01-28 21:33:00,156,Bangalore,1,3
TSK0946,Cleaning,CRW0599,2024-01-09 11:45:00,2024-01-09 12:28:00,43,Chennai,4,1
TSK0947,Cleaning,CRW0105,2024-01-12 13:29:00,2024-01-12 14:09:00,40,Hyderabad,4,1
TSK0948,Equipment Testing,CRW0988,2024-01-09 01:22:00,2024-01-09 02:05:00,43,Hyderabad,5,1
TSK0949,Equipment Testing,CRW0236,2024-01-19 11:04:00,2024-01-19 13:17:00,133,Chennai,5,2
TSK0950,Repair,CRW0083,2024-01-11 11:39:00,2024-01-11 13:35:00,116,Mumbai,3,2
TSK0951,Security Check,CRW0002,2024-01-28 20:57:00,2024-01-29 00:32:00,215,Kolkata,2,0
TSK0952,Inspection,CRW0906,2024-01-04 15:41:00,2024-01-04 16:58:00,77,Lucknow,1,1
TSK0953,Inventory Check,CRW0818,2024-01-09 18:08:00,2024-01-09 18:53:00,45,Hyderabad,6,1
TSK0954,Security Check,CRW0100,2024-01-01 09:01:00,2024-01-01 10:05:00,64,Jaipur,2,1
TSK0955,Cleaning,CRW0364,2024-01-14 11:41:00,2024-01-14 14:52:00,191,Ahmedabad,4,0
TSK0956,Security Check,CRW0635,2024-01-07 23:53:00,2024-01-08 03:41:00,228,Lucknow,2,0
TSK0957,Cleaning,CRW0348,2024-01-30 12:26:00,2024-01-30 13:45:00,79,Kolkata,4,1
TSK0958,Repair,CRW0441,2024-01-27 11:29:00,2024-01-27 12:52:00,83,Pune,3,2
TSK0959,Security Check,CRW0238,2024-01-05 17:10:00,2024-01-05 19:10:00,120,Delhi,2,2
TSK0960,Equipment Testing,CRW0851,2024-01-10 03:40:00,2024-01-10 05:14:00,94,Bangalore,5,2
TSK0961,Inventory Check,CRW0111,2024-01-17 15:28:00,2024-01-17 19:25:00,237,Ahmedabad,6,0
TSK0962,Inspection,CRW0031,2024-01-21 07:20:00,2024-01-21 08:45:00,85,Bangalore,1,2
TSK0963,Cleaning,CRW0220,2024-01-18 16:49:00,2024-01-18 20:22:00,213,Lucknow,4,0
TSK0964,Cleaning,CRW0289,2024-01-01 15:22:00,2024-01-01 18:38:00,196,Hyderabad,4,0
TSK0965,Inventory Check,CRW0694,2024-01-04 18:36:00,2024-01-04 22:20:00,224,Ahmedabad,6,0
TSK0966,Inspection,CRW0906,2024-01-19 06:05:00,2024-01-19 09:50:00,225,Chennai,1,0
TSK0967,Inventory Check,CRW0523,2024-01-07 00:00:00,2024-01-07 03:07:00,187,Chennai,6,3
TSK0968,Maintenance,CRW0611,2024-01-03 12:51:00,2024-01-03 13:25:00,34,Chennai,0,1
TSK0969,Security Check,CRW0342,2024-01-22 02:31:00,2024-01-22 03:35:00,64,Kolkata,2,1
TSK0970,Cleaning,CRW0570,2024-01-18 06:29:00,2024-01-18 08:32:00,123,Chennai,4,2
TSK0971,Cleaning,CRW0944,2024-01-25 18:16:00,2024-01-25 21:34:00,198,Delhi,4,0
TSK0972,Repair,CRW1000,2024-01-30 00:40:00,2024-01-30 01:21:00,41,Ahmedabad,3,1
TSK0973,Equipment Testing,CRW0908,2024-01-25 02:19:00,2024-01-25 03:13:00,54,Bangalore,5,1
TSK0974,Inspection,CRW0662,2024-01-01 17:07:00,2024-01-01 20:06:00,179,Pune,1,3
TSK0975,Inventory Check,CRW0312,2024-01-15 02:30:00,2024-01-15 04:35:00,125,Ahmedabad,6,2
TSK0976,Repair,CRW0852,2024-01-14 07:22:00,2024-01-14 10:36:00,194,Kolkata,3,0
TSK0977,Equipment Testing,CRW0296,2024-01-01 00:32:00,2024-01-01 01:34:00,62,Lucknow,5,1
TSK0978,Inventory Check,CRW0207,2024-01-03 16:05:00,2024-01-03 17:17:00,72,Jaipur,6,1
TSK0979,Security Check,CRW0551,2024-01-05 05:47:00,2024-01-05 09:09:00,202,Lucknow,2,0
TSK0980,Inventory Check,CRW0806,2024-01-15 06:31:00,2024-01-15 07:58:00,87,Ahmedabad,6,2
TSK0981,Inventory Check,CRW0231,2024-01-06 09:53:00,2024-01-06 12:13:00,140,Delhi,6,3
TSK0982,Cleaning,CRW0814,2024-01-12 12:06:00,2024-01-12 12:39:00,33,Hyderabad,4,1
TSK0983,Inventory Check,CRW0461,2024-01-24 19:50:00,2024-01-24 20:45:00,55,Mumbai,6,1
TSK0984,Security Check,CRW0815,2024-01-05 13:21:00,2024-01-05 14:03:00,42,Kolkata,2,1
TSK0985,Cleaning,CRW0932,2024-01-31 03:01:00,2024-01-31 06:18:00,197,Mumbai,4,0
TSK0986,Inventory Check,CRW0016,2024-01-21 11:47:00,2024-01-21 15:23:00,216,Jaipur,6,0
TSK0987,Equipment Testing,CRW0862,2024-01-09 06:50:00,2024-01-09 09:26:00,156,Lucknow,5,3
TSK0988,Security Check,CRW0550,2024-01-12 19:02:00,2024-01-12 20:20:00,78,Lucknow,2,1
TSK0989,Equipment Testing,CRW0472,2024-01-22 00:00:00,2024-01-22 03:10:00,190,Mumbai,5,0
TSK0990,Maintenance,CRW0527,2024-01-02 09:53:00,2024-01-02 12:32:00,159,Kolkata,0,3
TSK0991,Equipment Testing,CRW0444,2024-01-14 04:45:00,2024-01-14 07:06:00,141,Ahmedabad,5,3
TSK0992,Cleaning,CRW0234,2024-01-26 16:29:00,2024-01-26 19:59:00,210,Mumbai,4,0
TSK0993,Inspection,CRW0023,2024-01-18 11:34:00,2024-01-18 15:21:00,227,Kolkata,1,0
TSK0994,Equipment Testing,CRW0493,2024-01-13 18:46:00,2024-01-13 22:04:00,198,Mumbai,5,0
TSK0995,Equipment Testing,CRW0911,2024-01-01 16:55:00,2024-01-01 17:38:00,43,Mumbai,5,1
TSK0996,Maintenance,CRW0695,2024-01-12 15:26:00,2024-01-12 17:30:00,124,Kolkata,0,2
TSK0997,Security Check,CRW0220,2024-01-10 10:10:00,2024-01-10 11:45:00,95,Ahmedabad,2,2
TSK0998,Security Check,CRW0451,2024-01-26 09:01:00,2024-01-26 11:15:00,134,Kolkata,2,2
TSK0999,Inventory Check,CRW0969,2024-01-26 17:02:00,2024-01-26 18:31:00,89,Mumbai,6,2
TSK1000,Maintenance,CRW0972,2024-01-15 06:51:00,2024-01-15 07:51:00,60,Chennai,0,1
