Task ID,Crew ID
TSK0001,CRW0001
TSK0002,CRW0001
TSK0003,CRW0001
TSK0004,CRW0001
TSK0005,CRW0001
TSK0006,CRW0001
TSK0007,CRW0001
TSK0008,CRW0001
TSK0009,CRW0001
TSK0010,CRW0001
TSK0011,CRW0001
TSK0012,CRW0001
TSK0013,CRW0001
TSK0014,CRW0001
TSK0015,CRW0001
TSK0016,CRW0001
TSK0017,CRW0001
TSK0018,CRW0001
TSK0019,CRW0001
TSK0020,CRW0001
TSK0021,CRW0001
TSK0022,CRW0001
TSK0023,CRW0001
TSK0024,CRW0001
TSK0025,CRW0001
TSK0026,CRW0001
TSK0027,CRW0001
TSK0028,CRW0001
TSK0029,CRW0001
TSK0030,CRW0001
TSK0031,CRW0001
TSK0032,CRW0001
TSK0033,CRW0001
TSK0034,CRW0001
TSK0035,CRW0001
TSK0036,CRW0001
TSK0037,CRW0001
TSK0038,CRW0001
TSK0039,CRW0001
TSK0040,CRW0001
TSK0041,CRW0001
TSK0042,CRW0001
TSK0043,CRW0001
TSK0044,CRW0001
TSK0045,CRW0001
TSK0046,CRW0001
TSK0047,CRW0001
TSK0048,CRW0001
TSK0049,CRW0001
TSK0050,CRW0001
TSK0051,CRW0001
TSK0052,CRW0001
TSK0053,CRW0001
TSK0054,CRW0001
TSK0055,CRW0001
TSK0056,CRW0001
TSK0057,CRW0001
TSK0058,CRW0001
TSK0059,CRW0001
TSK0060,CRW0001
TSK0061,CRW0001
TSK0062,CRW0001
TSK0063,CRW0001
TSK0064,CRW0001
TSK0065,CRW0001
TSK0066,CRW0001
TSK0067,CRW0001
TSK0068,CRW0001
TSK0069,CRW0001
TSK0070,CRW0001
TSK0071,CRW0001
TSK0072,CRW0001
TSK0073,CRW0001
TSK0074,CRW0001
TSK0075,CRW0001
TSK0076,CRW0001
TSK0077,CRW0001
TSK0078,CRW0001
TSK0079,CRW0001
TSK0080,CRW0001
TSK0081,CRW0001
TSK0082,CRW0001
TSK0083,CRW0001
TSK0084,CRW0001
TSK0085,CRW0001
TSK0086,CRW0001
TSK0087,CRW0001
TSK0088,CRW0001
TSK0089,CRW0001
TSK0090,CRW0001
TSK0091,CRW0001
TSK0092,CRW0001
TSK0093,CRW0001
TSK0094,CRW0001
TSK0095,CRW0001
TSK0096,CRW0001
TSK0097,CRW0001
TSK0098,CRW0001
TSK0099,CRW0001
TSK0100,CRW0001
TSK0101,CRW0001
TSK0102,CRW0001
TSK0103,CRW0001
TSK0104,CRW0001
TSK0105,CRW0001
TSK0106,CRW0001
TSK0107,CRW0001
TSK0108,CRW0001
TSK0109,CRW0001
TSK0110,CRW0001
TSK0111,CRW0001
TSK0112,CRW0001
TSK0113,CRW0001
TSK0114,CRW0001
TSK0115,CRW0001
TSK0116,CRW0001
TSK0117,CRW0001
TSK0118,CRW0001
TSK0119,CRW0001
TSK0120,CRW0001
TSK0121,CRW0001
TSK0122,CRW0001
TSK0123,CRW0001
TSK0124,CRW0001
TSK0125,CRW0001
TSK0126,CRW0001
TSK0127,CRW0001
TSK0128,CRW0001
TSK0129,CRW0001
TSK0130,CRW0001
TSK0131,CRW0001
TSK0132,CRW0001
TSK0133,CRW0001
TSK0134,CRW0001
TSK0135,CRW0001
TSK0136,CRW0001
TSK0137,CRW0001
TSK0138,CRW0001
TSK0139,CRW0001
TSK0140,CRW0001
TSK0141,CRW0001
TSK0142,CRW0001
TSK0143,CRW0001
TSK0144,CRW0001
TSK0145,CRW0001
TSK0146,CRW0001
TSK0147,CRW0001
TSK0148,CRW0001
TSK0149,CRW0001
TSK0150,CRW0001
TSK0151,CRW0001
TSK0152,CRW0001
TSK0153,CRW0001
TSK0154,CRW0001
TSK0155,CRW0001
TSK0156,CRW0001
TSK0157,CRW0001
TSK0158,CRW0001
TSK0159,CRW0001
TSK0160,CRW0001
TSK0161,CRW0001
TSK0162,CRW0001
TSK0163,CRW0001
TSK0164,CRW0001
TSK0165,CRW0001
TSK0166,CRW0001
TSK0167,CRW0001
TSK0168,CRW0001
TSK0169,CRW0001
TSK0170,CRW0001
TSK0171,CRW0001
TSK0172,CRW0001
TSK0173,CRW0001
TSK0174,CRW0001
TSK0175,CRW0001
TSK0176,CRW0001
TSK0177,CRW0001
TSK0178,CRW0001
TSK0179,CRW0001
TSK0180,CRW0001
TSK0181,CRW0001
TSK0182,CRW0001
TSK0183,CRW0001
TSK0184,CRW0001
TSK0185,CRW0001
TSK0186,CRW0001
TSK0187,CRW0001
TSK0188,CRW0001
TSK0189,CRW0001
TSK0190,CRW0001
TSK0191,CRW0001
TSK0192,CRW0001
TSK0193,CRW0001
TSK0194,CRW0001
TSK0195,CRW0001
TSK0196,CRW0001
TSK0197,CRW0001
TSK0198,CRW0001
TSK0199,CRW0001
TSK0200,CRW0001
TSK0201,CRW0001
TSK0202,CRW0001
TSK0203,CRW0001
TSK0204,CRW0001
TSK0205,CRW0001
TSK0206,CRW0001
TSK0207,CRW0001
TSK0208,CRW0001
TSK0209,CRW0001
TSK0210,CRW0001
TSK0211,CRW0001
TSK0212,CRW0001
TSK0213,CRW0001
TSK0214,CRW0001
TSK0215,CRW0001
TSK0216,CRW0001
TSK0217,CRW0001
TSK0218,CRW0001
TSK0219,CRW0001
TSK0220,CRW0001
TSK0221,CRW0001
TSK0222,CRW0001
TSK0223,CRW0001
TSK0224,CRW0001
TSK0225,CRW0001
TSK0226,CRW0001
TSK0227,CRW0001
TSK0228,CRW0001
TSK0229,CRW0001
TSK0230,CRW0001
TSK0231,CRW0001
TSK0232,CRW0001
TSK0233,CRW0001
TSK0234,CRW0001
TSK0235,CRW0001
TSK0236,CRW0001
TSK0237,CRW0001
TSK0238,CRW0001
TSK0239,CRW0001
TSK0240,CRW0001
TSK0241,CRW0001
TSK0242,CRW0001
TSK0243,CRW0001
TSK0244,CRW0001
TSK0245,CRW0001
TSK0246,CRW0001
TSK0247,CRW0001
TSK0248,CRW0001
TSK0249,CRW0001
TSK0250,CRW0001
TSK0251,CRW0001
TSK0252,CRW0001
TSK0253,CRW0001
TSK0254,CRW0001
TSK0255,CRW0001
TSK0256,CRW0001
TSK0257,CRW0001
TSK0258,CRW0001
TSK0259,CRW0001
TSK0260,CRW0001
TSK0261,CRW0001
TSK0262,CRW0001
TSK0263,CRW0001
TSK0264,CRW0001
TSK0265,CRW0001
TSK0266,CRW0001
TSK0267,CRW0001
TSK0268,CRW0001
TSK0269,CRW0001
TSK0270,CRW0001
TSK0271,CRW0001
TSK0272,CRW0001
TSK0273,CRW0001
TSK0274,CRW0001
TSK0275,CRW0001
TSK0276,CRW0001
TSK0277,CRW0001
TSK0278,CRW0001
TSK0279,CRW0001
TSK0280,CRW0001
TSK0281,CRW0001
TSK0282,CRW0001
TSK0283,CRW0001
TSK0284,CRW0001
TSK0285,CRW0001
TSK0286,CRW0001
TSK0287,CRW0001
TSK0288,CRW0001
TSK0289,CRW0001
TSK0290,CRW0001
TSK0291,CRW0001
TSK0292,CRW0001
TSK0293,CRW0001
TSK0294,CRW0001
TSK0295,CRW0001
TSK0296,CRW0001
TSK0297,CRW0001
TSK0298,CRW0001
TSK0299,CRW0001
TSK0300,CRW0001
TSK0301,CRW0001
TSK0302,CRW0001
TSK0303,CRW0001
TSK0304,CRW0001
TSK0305,CRW0001
TSK0306,CRW0001
TSK0307,CRW0001
TSK0308,CRW0001
TSK0309,CRW0001
TSK0310,CRW0001
TSK0311,CRW0001
TSK0312,CRW0001
TSK0313,CRW0001
TSK0314,CRW0001
TSK0315,CRW0001
TSK0316,CRW0001
TSK0317,CRW0001
TSK0318,CRW0001
TSK0319,CRW0001
TSK0320,CRW0001
TSK0321,CRW0001
TSK0322,CRW0001
TSK0323,CRW0001
TSK0324,CRW0001
TSK0325,CRW0001
TSK0326,CRW0001
TSK0327,CRW0001
TSK0328,CRW0001
TSK0329,CRW0001
TSK0330,CRW0001
TSK0331,CRW0001
TSK0332,CRW0001
TSK0333,CRW0001
TSK0334,CRW0001
TSK0335,CRW0001
TSK0336,CRW0001
TSK0337,CRW0001
TSK0338,CRW0001
TSK0339,CRW0001
TSK0340,CRW0001
TSK0341,CRW0001
TSK0342,CRW0001
TSK0343,CRW0001
TSK0344,CRW0001
TSK0345,CRW0001
TSK0346,CRW0001
TSK0347,CRW0001
TSK0348,CRW0001
TSK0349,CRW0001
TSK0350,CRW0001
TSK0351,CRW0001
TSK0352,CRW0001
TSK0353,CRW0001
TSK0354,CRW0001
TSK0355,CRW0001
TSK0356,CRW0001
TSK0357,CRW0001
TSK0358,CRW0001
TSK0359,CRW0001
TSK0360,CRW0001
TSK0361,CRW0001
TSK0362,CRW0001
TSK0363,CRW0001
TSK0364,CRW0001
TSK0365,CRW0001
TSK0366,CRW0001
TSK0367,CRW0001
TSK0368,CRW0001
TSK0369,CRW0001
TSK0370,CRW0001
TSK0371,CRW0001
TSK0372,CRW0001
TSK0373,CRW0001
TSK0374,CRW0001
TSK0375,CRW0001
TSK0376,CRW0001
TSK0377,CRW0001
TSK0378,CRW0001
TSK0379,CRW0001
TSK0380,CRW0001
TSK0381,CRW0001
TSK0382,CRW0001
TSK0383,CRW0001
TSK0384,CRW0001
TSK0385,CRW0001
TSK0386,CRW0001
TSK0387,CRW0001
TSK0388,CRW0001
TSK0389,CRW0001
TSK0390,CRW0001
TSK0391,CRW0001
TSK0392,CRW0001
TSK0393,CRW0001
TSK0394,CRW0001
TSK0395,CRW0001
TSK0396,CRW0001
TSK0397,CRW0001
TSK0398,CRW0001
TSK0399,CRW0001
TSK0400,CRW0001
TSK0401,CRW0001
TSK0402,CRW0001
TSK0403,CRW0001
TSK0404,CRW0001
TSK0405,CRW0001
TSK0406,CRW0001
TSK0407,CRW0001
TSK0408,CRW0001
TSK0409,CRW0001
TSK0410,CRW0001
TSK0411,CRW0001
TSK0412,CRW0001
TSK0413,CRW0001
TSK0414,CRW0001
TSK0415,CRW0001
TSK0416,CRW0001
TSK0417,CRW0001
TSK0418,CRW0001
TSK0419,CRW0001
TSK0420,CRW0001
TSK0421,CRW0001
TSK0422,CRW0001
TSK0423,CRW0001
TSK0424,CRW0001
TSK0425,CRW0001
TSK0426,CRW0001
TSK0427,CRW0001
TSK0428,CRW0001
TSK0429,CRW0001
TSK0430,CRW0001
TSK0431,CRW0001
TSK0432,CRW0001
TSK0433,CRW0001
TSK0434,CRW0001
TSK0435,CRW0001
TSK0436,CRW0001
TSK0437,CRW0001
TSK0438,CRW0001
TSK0439,CRW0001
TSK0440,CRW0001
TSK0441,CRW0001
TSK0442,CRW0001
TSK0443,CRW0001
TSK0444,CRW0001
TSK0445,CRW0001
TSK0446,CRW0001
TSK0447,CRW0001
TSK0448,CRW0001
TSK0449,CRW0001
TSK0450,CRW0001
TSK0451,CRW0001
TSK0452,CRW0001
TSK0453,CRW0001
TSK0454,CRW0001
TSK0455,CRW0001
TSK0456,CRW0001
TSK0457,CRW0001
TSK0458,CRW0001
TSK0459,CRW0001
TSK0460,CRW0001
TSK0461,CRW0001
TSK0462,CRW0001
TSK0463,CRW0001
TSK0464,CRW0001
TSK0465,CRW0001
TSK0466,CRW0001
TSK0467,CRW0001
TSK0468,CRW0001
TSK0469,CRW0001
TSK0470,CRW0001
TSK0471,CRW0001
TSK0472,CRW0001
TSK0473,CRW0001
TSK0474,CRW0001
TSK0475,CRW0001
TSK0476,CRW0001
TSK0477,CRW0001
TSK0478,CRW0001
TSK0479,CRW0001
TSK0480,CRW0001
TSK0481,CRW0001
TSK0482,CRW0001
TSK0483,CRW0001
TSK0484,CRW0001
TSK0485,CRW0001
TSK0486,CRW0001
TSK0487,CRW0001
TSK0488,CRW0001
TSK0489,CRW0001
TSK0490,CRW0001
TSK0491,CRW0001
TSK0492,CRW0001
TSK0493,CRW0001
TSK0494,CRW0001
TSK0495,CRW0001
TSK0496,CRW0001
TSK0497,CRW0001
TSK0498,CRW0001
TSK0499,CRW0001
TSK0500,CRW0001
TSK0501,CRW0001
TSK0502,CRW0001
TSK0503,CRW0001
TSK0504,CRW0001
TSK0505,CRW0001
TSK0506,CRW0001
TSK0507,CRW0001
TSK0508,CRW0001
TSK0509,CRW0001
TSK0510,CRW0001
TSK0511,CRW0001
TSK0512,CRW0001
TSK0513,CRW0001
TSK0514,CRW0001
TSK0515,CRW0001
TSK0516,CRW0001
TSK0517,CRW0001
TSK0518,CRW0001
TSK0519,CRW0001
TSK0520,CRW0001
TSK0521,CRW0001
TSK0522,CRW0001
TSK0523,CRW0001
TSK0524,CRW0001
TSK0525,CRW0001
TSK0526,CRW0001
TSK0527,CRW0001
TSK0528,CRW0001
TSK0529,CRW0001
TSK0530,CRW0001
TSK0531,CRW0001
TSK0532,CRW0001
TSK0533,CRW0001
TSK0534,CRW0001
TSK0535,CRW0001
TSK0536,CRW0001
TSK0537,CRW0001
TSK0538,CRW0001
TSK0539,CRW0001
TSK0540,CRW0001
TSK0541,CRW0001
TSK0542,CRW0001
TSK0543,CRW0001
TSK0544,CRW0001
TSK0545,CRW0001
TSK0546,CRW0001
TSK0547,CRW0001
TSK0548,CRW0001
TSK0549,CRW0001
TSK0550,CRW0001
TSK0551,CRW0001
TSK0552,CRW0001
TSK0553,CRW0001
TSK0554,CRW0001
TSK0555,CRW0001
TSK0556,CRW0001
TSK0557,CRW0001
TSK0558,CRW0001
TSK0559,CRW0001
TSK0560,CRW0001
TSK0561,CRW0001
TSK0562,CRW0001
TSK0563,CRW0001
TSK0564,CRW0001
TSK0565,CRW0001
TSK0566,CRW0001
TSK0567,CRW0001
TSK0568,CRW0001
TSK0569,CRW0001
TSK0570,CRW0001
TSK0571,CRW0001
TSK0572,CRW0001
TSK0573,CRW0001
TSK0574,CRW0001
TSK0575,CRW0001
TSK0576,CRW0001
TSK0577,CRW0001
TSK0578,CRW0001
TSK0579,CRW0001
TSK0580,CRW0001
TSK0581,CRW0001
TSK0582,CRW0001
TSK0583,CRW0001
TSK0584,CRW0001
TSK0585,CRW0001
TSK0586,CRW0001
TSK0587,CRW0001
TSK0588,CRW0001
TSK0589,CRW0001
TSK0590,CRW0001
TSK0591,CRW0001
TSK0592,CRW0001
TSK0593,CRW0001
TSK0594,CRW0001
TSK0595,CRW0001
TSK0596,CRW0001
TSK0597,CRW0001
TSK0598,CRW0001
TSK0599,CRW0001
TSK0600,CRW0001
TSK0601,CRW0001
TSK0602,CRW0001
TSK0603,CRW0001
TSK0604,CRW0001
TSK0605,CRW0001
TSK0606,CRW0001
TSK0607,CRW0001
TSK0608,CRW0001
TSK0609,CRW0001
TSK0610,CRW0001
TSK0611,CRW0001
TSK0612,CRW0001
TSK0613,CRW0001
TSK0614,CRW0001
TSK0615,CRW0001
TSK0616,CRW0001
TSK0617,CRW0001
TSK0618,CRW0001
TSK0619,CRW0001
TSK0620,CRW0001
TSK0621,CRW0001
TSK0622,CRW0001
TSK0623,CRW0001
TSK0624,CRW0001
TSK0625,CRW0001
TSK0626,CRW0001
TSK0627,CRW0001
TSK0628,CRW0001
TSK0629,CRW0001
TSK0630,CRW0001
TSK0631,CRW0001
TSK0632,CRW0001
TSK0633,CRW0001
TSK0634,CRW0001
TSK0635,CRW0001
TSK0636,CRW0001
TSK0637,CRW0001
TSK0638,CRW0001
TSK0639,CRW0001
TSK0640,CRW0001
TSK0641,CRW0001
TSK0642,CRW0001
TSK0643,CRW0001
TSK0644,CRW0001
TSK0645,CRW0001
TSK0646,CRW0001
TSK0647,CRW0001
TSK0648,CRW0001
TSK0649,CRW0001
TSK0650,CRW0001
TSK0651,CRW0001
TSK0652,CRW0001
TSK0653,CRW0001
TSK0654,CRW0001
TSK0655,CRW0001
TSK0656,CRW0001
TSK0657,CRW0001
TSK0658,CRW0001
TSK0659,CRW0001
TSK0660,CRW0001
TSK0661,CRW0001
TSK0662,CRW0001
TSK0663,CRW0001
TSK0664,CRW0001
TSK0665,CRW0001
TSK0666,CRW0001
TSK0667,CRW0001
TSK0668,CRW0001
TSK0669,CRW0001
TSK0670,CRW0001
TSK0671,CRW0001
TSK0672,CRW0001
TSK0673,CRW0001
TSK0674,CRW0001
TSK0675,CRW0001
TSK0676,CRW0001
TSK0677,CRW0001
TSK0678,CRW0001
TSK0679,CRW0001
TSK0680,CRW0001
TSK0681,CRW0001
TSK0682,CRW0001
TSK0683,CRW0001
TSK0684,CRW0001
TSK0685,CRW0001
TSK0686,CRW0001
TSK0687,CRW0001
TSK0688,CRW0001
TSK0689,CRW0001
TSK0690,CRW0001
TSK0691,CRW0001
TSK0692,CRW0001
TSK0693,CRW0001
TSK0694,CRW0001
TSK0695,CRW0001
TSK0696,CRW0001
TSK0697,CRW0001
TSK0698,CRW0001
TSK0699,CRW0001
TSK0700,CRW0001
TSK0701,CRW0001
TSK0702,CRW0001
TSK0703,CRW0001
TSK0704,CRW0001
TSK0705,CRW0001
TSK0706,CRW0001
TSK0707,CRW0001
TSK0708,CRW0001
TSK0709,CRW0001
TSK0710,CRW0001
TSK0711,CRW0001
TSK0712,CRW0001
TSK0713,CRW0001
TSK0714,CRW0001
TSK0715,CRW0001
TSK0716,CRW0001
TSK0717,CRW0001
TSK0718,CRW0001
TSK0719,CRW0001
TSK0720,CRW0001
TSK0721,CRW0001
TSK0722,CRW0001
TSK0723,CRW0001
TSK0724,CRW0001
TSK0725,CRW0001
TSK0726,CRW0001
TSK0727,CRW0001
TSK0728,CRW0001
TSK0729,CRW0001
TSK0730,CRW0001
TSK0731,CRW0001
TSK0732,CRW0001
TSK0733,CRW0001
TSK0734,CRW0001
TSK0735,CRW0001
TSK0736,CRW0001
TSK0737,CRW0001
TSK0738,CRW0001
TSK0739,CRW0001
TSK0740,CRW0001
TSK0741,CRW0001
TSK0742,CRW0001
TSK0743,CRW0001
TSK0744,CRW0001
TSK0745,CRW0001
TSK0746,CRW0001
TSK0747,CRW0001
TSK0748,CRW0001
TSK0749,CRW0001
TSK0750,CRW0001
TSK0751,CRW0001
TSK0752,CRW0001
TSK0753,CRW0001
TSK0754,CRW0001
TSK0755,CRW0001
TSK0756,CRW0001
TSK0757,CRW0001
TSK0758,CRW0001
TSK0759,CRW0001
TSK0760,CRW0001
TSK0761,CRW0001
TSK0762,CRW0001
TSK0763,CRW0001
TSK0764,CRW0001
TSK0765,CRW0001
TSK0766,CRW0001
TSK0767,CRW0001
TSK0768,CRW0001
TSK0769,CRW0001
TSK0770,CRW0001
TSK0771,CRW0001
TSK0772,CRW0001
TSK0773,CRW0001
TSK0774,CRW0001
TSK0775,CRW0001
TSK0776,CRW0001
TSK0777,CRW0001
TSK0778,CRW0001
TSK0779,CRW0001
TSK0780,CRW0001
TSK0781,CRW0001
TSK0782,CRW0001
TSK0783,CRW0001
TSK0784,CRW0001
TSK0785,CRW0001
TSK0786,CRW0001
TSK0787,CRW0001
TSK0788,CRW0001
TSK0789,CRW0001
TSK0790,CRW0001
TSK0791,CRW0001
TSK0792,CRW0001
TSK0793,CRW0001
TSK0794,CRW0001
TSK0795,CRW0001
TSK0796,CRW0001
TSK0797,CRW0001
TSK0798,CRW0001
TSK0799,CRW0001
TSK0800,CRW0001
TSK0801,CRW0001
TSK0802,CRW0001
TSK0803,CRW0001
TSK0804,CRW0001
TSK0805,CRW0001
TSK0806,CRW0001
TSK0807,CRW0001
TSK0808,CRW0001
TSK0809,CRW0001
TSK0810,CRW0001
TSK0811,CRW0001
TSK0812,CRW0001
TSK0813,CRW0001
TSK0814,CRW0001
TSK0815,CRW0001
TSK0816,CRW0001
TSK0817,CRW0001
TSK0818,CRW0001
TSK0819,CRW0001
TSK0820,CRW0001
TSK0821,CRW0001
TSK0822,CRW0001
TSK0823,CRW0001
TSK0824,CRW0001
TSK0825,CRW0001
TSK0826,CRW0001
TSK0827,CRW0001
TSK0828,CRW0001
TSK0829,CRW0001
TSK0830,CRW0001
TSK0831,CRW0001
TSK0832,CRW0001
TSK0833,CRW0001
TSK0834,CRW0001
TSK0835,CRW0001
TSK0836,CRW0001
TSK0837,CRW0001
TSK0838,CRW0001
TSK0839,CRW0001
TSK0840,CRW0001
TSK0841,CRW0001
TSK0842,CRW0001
TSK0843,CRW0001
TSK0844,CRW0001
TSK0845,CRW0001
TSK0846,CRW0001
TSK0847,CRW0001
TSK0848,CRW0001
TSK0849,CRW0001
TSK0850,CRW0001
TSK0851,CRW0001
TSK0852,CRW0001
TSK0853,CRW0001
TSK0854,CRW0001
TSK0855,CRW0001
TSK0856,CRW0001
TSK0857,CRW0001
TSK0858,CRW0001
TSK0859,CRW0001
TSK0860,CRW0001
TSK0861,CRW0001
TSK0862,CRW0001
TSK0863,CRW0001
TSK0864,CRW0001
TSK0865,CRW0001
TSK0866,CRW0001
TSK0867,CRW0001
TSK0868,CRW0001
TSK0869,CRW0001
TSK0870,CRW0001
TSK0871,CRW0001
TSK0872,CRW0001
TSK0873,CRW0001
TSK0874,CRW0001
TSK0875,CRW0001
TSK0876,CRW0001
TSK0877,CRW0001
TSK0878,CRW0001
TSK0879,CRW0001
TSK0880,CRW0001
TSK0881,CRW0001
TSK0882,CRW0001
TSK0883,CRW0001
TSK0884,CRW0001
TSK0885,CRW0001
TSK0886,CRW0001
TSK0887,CRW0001
TSK0888,CRW0001
TSK0889,CRW0001
TSK0890,CRW0001
TSK0891,CRW0001
TSK0892,CRW0001
TSK0893,CRW0001
TSK0894,CRW0001
TSK0895,CRW0001
TSK0896,CRW0001
TSK0897,CRW0001
TSK0898,CRW0001
TSK0899,CRW0001
TSK0900,CRW0001
TSK0901,CRW0001
TSK0902,CRW0001
TSK0903,CRW0001
TSK0904,CRW0001
TSK0905,CRW0001
TSK0906,CRW0001
TSK0907,CRW0001
TSK0908,CRW0001
TSK0909,CRW0001
TSK0910,CRW0001
TSK0911,CRW0001
TSK0912,CRW0001
TSK0913,CRW0001
TSK0914,CRW0001
TSK0915,CRW0001
TSK0916,CRW0001
TSK0917,CRW0001
TSK0918,CRW0001
TSK0919,CRW0001
TSK0920,CRW0001
TSK0921,CRW0001
TSK0922,CRW0001
TSK0923,CRW0001
TSK0924,CRW0001
TSK0925,CRW0001
TSK0926,CRW0001
TSK0927,CRW0001
TSK0928,CRW0001
TSK0929,CRW0001
TSK0930,CRW0001
TSK0931,CRW0001
TSK0932,CRW0001
TSK0933,CRW0001
TSK0934,CRW0001
TSK0935,CRW0001
TSK0936,CRW0001
TSK0937,CRW0001
TSK0938,CRW0001
TSK0939,CRW0001
TSK0940,CRW0001
TSK0941,CRW0001
TSK0942,CRW0001
TSK0943,CRW0001
TSK0944,CRW0001
TSK0945,CRW0001
TSK0946,CRW0001
TSK0947,CRW0001
TSK0948,CRW0001
TSK0949,CRW0001
TSK0950,CRW0001
TSK0951,CRW0001
TSK0952,CRW0001
TSK0953,CRW0001
TSK0954,CRW0001
TSK0955,CRW0001
TSK0956,CRW0001
TSK0957,CRW0001
TSK0958,CRW0001
TSK0959,CRW0001
TSK0960,CRW0001
TSK0961,CRW0001
TSK0962,CRW0001
TSK0963,CRW0001
TSK0964,CRW0001
TSK0965,CRW0001
TSK0966,CRW0001
TSK0967,CRW0001
TSK0968,CRW0001
TSK0969,CRW0001
TSK0970,CRW0001
TSK0971,CRW0001
TSK0972,CRW0001
TSK0973,CRW0001
TSK0974,CRW0001
TSK0975,CRW0001
TSK0976,CRW0001
TSK0977,CRW0001
TSK0978,CRW0001
TSK0979,CRW0001
TSK0980,CRW0001
TSK0981,CRW0001
TSK0982,CRW0001
TSK0983,CRW0001
TSK0984,CRW0001
TSK0985,CRW0001
TSK0986,CRW0001
TSK0987,CRW0001
TSK0988,CRW0001
TSK0989,CRW0001
TSK0990,CRW0001
TSK0991,CRW0001
TSK0992,CRW0001
TSK0993,CRW0001
TSK0994,CRW0001
TSK0995,CRW0001
TSK0996,CRW0001
TSK0997,CRW0001
TSK0998,CRW0001
TSK0999,CRW0001
TSK1000,CRW0001
